accession,length,description
PH161232.1,60,JP 2023528621-A/3054: Detecting a Chromosome Marker
PV443646.1,60,"Homo sapiens isolate A18P1 endoplasmic reticulum aminopeptidase 1 isoform aprecursor (ERAP1) gene, partial cds"
PV443746.1,60,"Homo sapiens isolate A50P1 endoplasmic reticulum aminopeptidase 1 isoform X1 (ERAP1) gene, partial cds"
PH161231.1,60,JP 2023528621-A/3053: Detecting a Chromosome Marker
PH161234.1,60,JP 2023528621-A/3056: Detecting a Chromosome Marker
PH161235.1,60,JP 2023528621-A/3057: Detecting a Chromosome Marker
PH161230.1,60,JP 2023528621-A/3052: Detecting a Chromosome Marker
PH161233.1,60,JP 2023528621-A/3055: Detecting a Chromosome Marker
PH161279.1,60,JP 2023528621-A/3101: Detecting a Chromosome Marker
PH161267.1,60,JP 2023528621-A/3089: Detecting a Chromosome Marker
PH161274.1,60,JP 2023528621-A/3096: Detecting a Chromosome Marker
PH161264.1,60,JP 2023528621-A/3086: Detecting a Chromosome Marker
PH161263.1,60,JP 2023528621-A/3085: Detecting a Chromosome Marker
PH161278.1,60,JP 2023528621-A/3100: Detecting a Chromosome Marker
PH161277.1,60,JP 2023528621-A/3099: Detecting a Chromosome Marker
PH161275.1,60,JP 2023528621-A/3097: Detecting a Chromosome Marker
PH161276.1,60,JP 2023528621-A/3098: Detecting a Chromosome Marker
PH161271.1,60,JP 2023528621-A/3093: Detecting a Chromosome Marker
PH161272.1,60,JP 2023528621-A/3094: Detecting a Chromosome Marker
PH161244.1,60,JP 2023528621-A/3066: Detecting a Chromosome Marker
PH161255.1,60,JP 2023528621-A/3077: Detecting a Chromosome Marker
PH161250.1,60,JP 2023528621-A/3072: Detecting a Chromosome Marker
PH161251.1,60,JP 2023528621-A/3073: Detecting a Chromosome Marker
PH161236.1,60,JP 2023528621-A/3058: Detecting a Chromosome Marker
PH161252.1,60,JP 2023528621-A/3074: Detecting a Chromosome Marker
PH161253.1,60,JP 2023528621-A/3075: Detecting a Chromosome Marker
PH161254.1,60,JP 2023528621-A/3076: Detecting a Chromosome Marker
PH161249.1,60,JP 2023528621-A/3071: Detecting a Chromosome Marker
PH161266.1,60,JP 2023528621-A/3088: Detecting a Chromosome Marker
PH161258.1,60,JP 2023528621-A/3080: Detecting a Chromosome Marker
PH161259.1,60,JP 2023528621-A/3081: Detecting a Chromosome Marker
PH161260.1,60,JP 2023528621-A/3082: Detecting a Chromosome Marker
PH161261.1,60,JP 2023528621-A/3083: Detecting a Chromosome Marker
PH161262.1,60,JP 2023528621-A/3084: Detecting a Chromosome Marker
PH161265.1,60,JP 2023528621-A/3087: Detecting a Chromosome Marker
PH161273.1,60,JP 2023528621-A/3095: Detecting a Chromosome Marker
PH161257.1,60,JP 2023528621-A/3079: Detecting a Chromosome Marker
PH196404.1,60,JP 2023538900-A/18164: SYSTEM AND METHODS OF DETECTION OF ONCRNAS FOR CANCER DIAGNOSIS
PH196406.1,60,JP 2023538900-A/18166: SYSTEM AND METHODS OF DETECTION OF ONCRNAS FOR CANCER DIAGNOSIS
PH196405.1,60,JP 2023538900-A/18165: SYSTEM AND METHODS OF DETECTION OF ONCRNAS FOR CANCER DIAGNOSIS
PH161242.1,60,JP 2023528621-A/3064: Detecting a Chromosome Marker
PH161248.1,60,JP 2023528621-A/3070: Detecting a Chromosome Marker
PH161241.1,60,JP 2023528621-A/3063: Detecting a Chromosome Marker
PH161247.1,60,JP 2023528621-A/3069: Detecting a Chromosome Marker
PH161246.1,60,JP 2023528621-A/3068: Detecting a Chromosome Marker
PH161245.1,60,JP 2023528621-A/3067: Detecting a Chromosome Marker
PH161243.1,60,JP 2023528621-A/3065: Detecting a Chromosome Marker
PH161239.1,60,JP 2023528621-A/3061: Detecting a Chromosome Marker
PH161240.1,60,JP 2023528621-A/3062: Detecting a Chromosome Marker
PH161237.1,60,JP 2023528621-A/3059: Detecting a Chromosome Marker
PH161238.1,60,JP 2023528621-A/3060: Detecting a Chromosome Marker
PH161269.1,60,JP 2023528621-A/3091: Detecting a Chromosome Marker
PH161268.1,60,JP 2023528621-A/3090: Detecting a Chromosome Marker
PH161256.1,60,JP 2023528621-A/3078: Detecting a Chromosome Marker
PH161270.1,60,JP 2023528621-A/3092: Detecting a Chromosome Marker
PH196320.1,59,JP 2023538900-A/18080: SYSTEM AND METHODS OF DETECTION OF ONCRNAS FOR CANCER DIAGNOSIS
PH196321.1,59,JP 2023538900-A/18081: SYSTEM AND METHODS OF DETECTION OF ONCRNAS FOR CANCER DIAGNOSIS
PH196604.1,59,JP 2023538900-A/18364: SYSTEM AND METHODS OF DETECTION OF ONCRNAS FOR CANCER DIAGNOSIS
PH196602.1,59,JP 2023538900-A/18362: SYSTEM AND METHODS OF DETECTION OF ONCRNAS FOR CANCER DIAGNOSIS
PH196603.1,59,JP 2023538900-A/18363: SYSTEM AND METHODS OF DETECTION OF ONCRNAS FOR CANCER DIAGNOSIS
PH195833.1,59,JP 2023538900-A/17593: SYSTEM AND METHODS OF DETECTION OF ONCRNAS FOR CANCER DIAGNOSIS
PH195831.1,59,JP 2023538900-A/17591: SYSTEM AND METHODS OF DETECTION OF ONCRNAS FOR CANCER DIAGNOSIS
PH195832.1,59,JP 2023538900-A/17592: SYSTEM AND METHODS OF DETECTION OF ONCRNAS FOR CANCER DIAGNOSIS
PH195647.1,59,JP 2023538900-A/17407: SYSTEM AND METHODS OF DETECTION OF ONCRNAS FOR CANCER DIAGNOSIS
PH196322.1,59,JP 2023538900-A/18082: SYSTEM AND METHODS OF DETECTION OF ONCRNAS FOR CANCER DIAGNOSIS
PH195645.1,59,JP 2023538900-A/17405: SYSTEM AND METHODS OF DETECTION OF ONCRNAS FOR CANCER DIAGNOSIS
PH195646.1,59,JP 2023538900-A/17406: SYSTEM AND METHODS OF DETECTION OF ONCRNAS FOR CANCER DIAGNOSIS
PH196323.1,58,JP 2023538900-A/18083: SYSTEM AND METHODS OF DETECTION OF ONCRNAS FOR CANCER DIAGNOSIS
PH196402.1,58,JP 2023538900-A/18162: SYSTEM AND METHODS OF DETECTION OF ONCRNAS FOR CANCER DIAGNOSIS
PH196403.1,58,JP 2023538900-A/18163: SYSTEM AND METHODS OF DETECTION OF ONCRNAS FOR CANCER DIAGNOSIS
PH196401.1,58,JP 2023538900-A/18161: SYSTEM AND METHODS OF DETECTION OF ONCRNAS FOR CANCER DIAGNOSIS
PH195830.1,58,JP 2023538900-A/17590: SYSTEM AND METHODS OF DETECTION OF ONCRNAS FOR CANCER DIAGNOSIS
PH195828.1,58,JP 2023538900-A/17588: SYSTEM AND METHODS OF DETECTION OF ONCRNAS FOR CANCER DIAGNOSIS
PH196324.1,58,JP 2023538900-A/18084: SYSTEM AND METHODS OF DETECTION OF ONCRNAS FOR CANCER DIAGNOSIS
PH196325.1,58,JP 2023538900-A/18085: SYSTEM AND METHODS OF DETECTION OF ONCRNAS FOR CANCER DIAGNOSIS
PH195829.1,58,JP 2023538900-A/17589: SYSTEM AND METHODS OF DETECTION OF ONCRNAS FOR CANCER DIAGNOSIS
PH196598.1,57,JP 2023538900-A/18358: SYSTEM AND METHODS OF DETECTION OF ONCRNAS FOR CANCER DIAGNOSIS
PH196596.1,57,JP 2023538900-A/18356: SYSTEM AND METHODS OF DETECTION OF ONCRNAS FOR CANCER DIAGNOSIS
PH195878.1,57,JP 2023538900-A/17638: SYSTEM AND METHODS OF DETECTION OF ONCRNAS FOR CANCER DIAGNOSIS
PH196597.1,57,JP 2023538900-A/18357: SYSTEM AND METHODS OF DETECTION OF ONCRNAS FOR CANCER DIAGNOSIS
PG107896.1,57,JP 2022547274-A/28: RADIOLABELED MET BINDING PROTEINS FOR IMMUNO-PET IMAGING
PH195877.1,57,JP 2023538900-A/17637: SYSTEM AND METHODS OF DETECTION OF ONCRNAS FOR CANCER DIAGNOSIS
PH195876.1,57,JP 2023538900-A/17636: SYSTEM AND METHODS OF DETECTION OF ONCRNAS FOR CANCER DIAGNOSIS
PH195521.1,56,JP 2023538900-A/17281: SYSTEM AND METHODS OF DETECTION OF ONCRNAS FOR CANCER DIAGNOSIS
PH195650.1,56,JP 2023538900-A/17410: SYSTEM AND METHODS OF DETECTION OF ONCRNAS FOR CANCER DIAGNOSIS
PH195603.1,56,JP 2023538900-A/17363: SYSTEM AND METHODS OF DETECTION OF ONCRNAS FOR CANCER DIAGNOSIS
PH195615.1,56,JP 2023538900-A/17375: SYSTEM AND METHODS OF DETECTION OF ONCRNAS FOR CANCER DIAGNOSIS
PH195616.1,56,JP 2023538900-A/17376: SYSTEM AND METHODS OF DETECTION OF ONCRNAS FOR CANCER DIAGNOSIS
PH195648.1,56,JP 2023538900-A/17408: SYSTEM AND METHODS OF DETECTION OF ONCRNAS FOR CANCER DIAGNOSIS
PH195649.1,56,JP 2023538900-A/17409: SYSTEM AND METHODS OF DETECTION OF ONCRNAS FOR CANCER DIAGNOSIS
PH196456.1,56,JP 2023538900-A/18216: SYSTEM AND METHODS OF DETECTION OF ONCRNAS FOR CANCER DIAGNOSIS
PH196457.1,56,JP 2023538900-A/18217: SYSTEM AND METHODS OF DETECTION OF ONCRNAS FOR CANCER DIAGNOSIS
PH195617.1,56,JP 2023538900-A/17377: SYSTEM AND METHODS OF DETECTION OF ONCRNAS FOR CANCER DIAGNOSIS
PH196129.1,56,JP 2023538900-A/17889: SYSTEM AND METHODS OF DETECTION OF ONCRNAS FOR CANCER DIAGNOSIS
PH195520.1,56,JP 2023538900-A/17280: SYSTEM AND METHODS OF DETECTION OF ONCRNAS FOR CANCER DIAGNOSIS
PH195519.1,56,JP 2023538900-A/17279: SYSTEM AND METHODS OF DETECTION OF ONCRNAS FOR CANCER DIAGNOSIS
PH196455.1,56,JP 2023538900-A/18215: SYSTEM AND METHODS OF DETECTION OF ONCRNAS FOR CANCER DIAGNOSIS
PH195605.1,56,JP 2023538900-A/17365: SYSTEM AND METHODS OF DETECTION OF ONCRNAS FOR CANCER DIAGNOSIS
PH195604.1,56,JP 2023538900-A/17364: SYSTEM AND METHODS OF DETECTION OF ONCRNAS FOR CANCER DIAGNOSIS
PH196128.1,56,JP 2023538900-A/17888: SYSTEM AND METHODS OF DETECTION OF ONCRNAS FOR CANCER DIAGNOSIS
PH196130.1,56,JP 2023538900-A/17890: SYSTEM AND METHODS OF DETECTION OF ONCRNAS FOR CANCER DIAGNOSIS
PV443669.1,55,"Homo sapiens isolate A23P4 endoplasmic reticulum aminopeptidase 1 isoform X1 (ERAP1) gene, partial cds"
PH195746.1,55,JP 2023538900-A/17506: SYSTEM AND METHODS OF DETECTION OF ONCRNAS FOR CANCER DIAGNOSIS
PH195745.1,55,JP 2023538900-A/17505: SYSTEM AND METHODS OF DETECTION OF ONCRNAS FOR CANCER DIAGNOSIS
PH195744.1,55,JP 2023538900-A/17504: SYSTEM AND METHODS OF DETECTION OF ONCRNAS FOR CANCER DIAGNOSIS
PH196672.1,55,JP 2023538900-A/18432: SYSTEM AND METHODS OF DETECTION OF ONCRNAS FOR CANCER DIAGNOSIS
PH196673.1,55,JP 2023538900-A/18433: SYSTEM AND METHODS OF DETECTION OF ONCRNAS FOR CANCER DIAGNOSIS
PV443641.1,55,"Homo sapiens isolate A16P1 endoplasmic reticulum aminopeptidase 1 isoform X1 (ERAP1) gene, partial cds"
PH196671.1,55,JP 2023538900-A/18431: SYSTEM AND METHODS OF DETECTION OF ONCRNAS FOR CANCER DIAGNOSIS
PH196412.1,55,JP 2023538900-A/18172: SYSTEM AND METHODS OF DETECTION OF ONCRNAS FOR CANCER DIAGNOSIS
PH196411.1,55,JP 2023538900-A/18171: SYSTEM AND METHODS OF DETECTION OF ONCRNAS FOR CANCER DIAGNOSIS
PH196410.1,55,JP 2023538900-A/18170: SYSTEM AND METHODS OF DETECTION OF ONCRNAS FOR CANCER DIAGNOSIS
PH195586.1,54,JP 2023538900-A/17346: SYSTEM AND METHODS OF DETECTION OF ONCRNAS FOR CANCER DIAGNOSIS
PH196448.1,54,JP 2023538900-A/18208: SYSTEM AND METHODS OF DETECTION OF ONCRNAS FOR CANCER DIAGNOSIS
PH196447.1,54,JP 2023538900-A/18207: SYSTEM AND METHODS OF DETECTION OF ONCRNAS FOR CANCER DIAGNOSIS
9K36_Y,54,"Chain Y, DNA (54-MER)"
PH196359.1,54,JP 2023538900-A/18119: SYSTEM AND METHODS OF DETECTION OF ONCRNAS FOR CANCER DIAGNOSIS
PH196360.1,54,JP 2023538900-A/18120: SYSTEM AND METHODS OF DETECTION OF ONCRNAS FOR CANCER DIAGNOSIS
PH196361.1,54,JP 2023538900-A/18121: SYSTEM AND METHODS OF DETECTION OF ONCRNAS FOR CANCER DIAGNOSIS
PG107932.1,54,JP 2022547274-A/64: RADIOLABELED MET BINDING PROTEINS FOR IMMUNO-PET IMAGING
PH196113.1,54,JP 2023538900-A/17873: SYSTEM AND METHODS OF DETECTION OF ONCRNAS FOR CANCER DIAGNOSIS
9K36_X,54,"Chain X, DNA (54-MER)"
PH196582.1,54,JP 2023538900-A/18342: SYSTEM AND METHODS OF DETECTION OF ONCRNAS FOR CANCER DIAGNOSIS
PH196115.1,54,JP 2023538900-A/17875: SYSTEM AND METHODS OF DETECTION OF ONCRNAS FOR CANCER DIAGNOSIS
PH196687.1,54,JP 2023538900-A/18447: SYSTEM AND METHODS OF DETECTION OF ONCRNAS FOR CANCER DIAGNOSIS
PG107872.1,54,JP 2022547274-A/4: RADIOLABELED MET BINDING PROTEINS FOR IMMUNO-PET IMAGING
PH196581.1,54,JP 2023538900-A/18341: SYSTEM AND METHODS OF DETECTION OF ONCRNAS FOR CANCER DIAGNOSIS
PH196583.1,54,JP 2023538900-A/18343: SYSTEM AND METHODS OF DETECTION OF ONCRNAS FOR CANCER DIAGNOSIS
PH196688.1,54,JP 2023538900-A/18448: SYSTEM AND METHODS OF DETECTION OF ONCRNAS FOR CANCER DIAGNOSIS
PH196686.1,54,JP 2023538900-A/18446: SYSTEM AND METHODS OF DETECTION OF ONCRNAS FOR CANCER DIAGNOSIS
PH196114.1,54,JP 2023538900-A/17874: SYSTEM AND METHODS OF DETECTION OF ONCRNAS FOR CANCER DIAGNOSIS
PH195585.1,54,JP 2023538900-A/17345: SYSTEM AND METHODS OF DETECTION OF ONCRNAS FOR CANCER DIAGNOSIS
PH196446.1,54,JP 2023538900-A/18206: SYSTEM AND METHODS OF DETECTION OF ONCRNAS FOR CANCER DIAGNOSIS
PH195587.1,54,JP 2023538900-A/17347: SYSTEM AND METHODS OF DETECTION OF ONCRNAS FOR CANCER DIAGNOSIS
PH196503.1,53,JP 2023538900-A/18263: SYSTEM AND METHODS OF DETECTION OF ONCRNAS FOR CANCER DIAGNOSIS
PH196504.1,53,JP 2023538900-A/18264: SYSTEM AND METHODS OF DETECTION OF ONCRNAS FOR CANCER DIAGNOSIS
PV443576.1,53,"Homo sapiens isolate A100P1 endoplasmic reticulum aminopeptidase 1 isoform X1 (ERAP1) gene, partial cds"
PH196505.1,53,JP 2023538900-A/18265: SYSTEM AND METHODS OF DETECTION OF ONCRNAS FOR CANCER DIAGNOSIS
PH196146.1,52,JP 2023538900-A/17906: SYSTEM AND METHODS OF DETECTION OF ONCRNAS FOR CANCER DIAGNOSIS
PH196147.1,52,JP 2023538900-A/17907: SYSTEM AND METHODS OF DETECTION OF ONCRNAS FOR CANCER DIAGNOSIS
PV443803.1,52,"Homo sapiens isolate A74P3 endoplasmic reticulum aminopeptidase 1 isoform X1 (ERAP1) gene, partial cds"
PH196228.1,52,JP 2023538900-A/17988: SYSTEM AND METHODS OF DETECTION OF ONCRNAS FOR CANCER DIAGNOSIS
PH196148.1,52,JP 2023538900-A/17908: SYSTEM AND METHODS OF DETECTION OF ONCRNAS FOR CANCER DIAGNOSIS
PH196578.1,52,JP 2023538900-A/18338: SYSTEM AND METHODS OF DETECTION OF ONCRNAS FOR CANCER DIAGNOSIS
PH196262.1,52,JP 2023538900-A/18022: SYSTEM AND METHODS OF DETECTION OF ONCRNAS FOR CANCER DIAGNOSIS
PH196580.1,52,JP 2023538900-A/18340: SYSTEM AND METHODS OF DETECTION OF ONCRNAS FOR CANCER DIAGNOSIS
PH196579.1,52,JP 2023538900-A/18339: SYSTEM AND METHODS OF DETECTION OF ONCRNAS FOR CANCER DIAGNOSIS
PH195512.1,52,JP 2023538900-A/17272: SYSTEM AND METHODS OF DETECTION OF ONCRNAS FOR CANCER DIAGNOSIS
PH195511.1,52,JP 2023538900-A/17271: SYSTEM AND METHODS OF DETECTION OF ONCRNAS FOR CANCER DIAGNOSIS
8RRI_Ay,52,"Chain Ay, E/E-tRNA"
PH196229.1,52,JP 2023538900-A/17989: SYSTEM AND METHODS OF DETECTION OF ONCRNAS FOR CANCER DIAGNOSIS
PH196227.1,52,JP 2023538900-A/17987: SYSTEM AND METHODS OF DETECTION OF ONCRNAS FOR CANCER DIAGNOSIS
PH196261.1,52,JP 2023538900-A/18021: SYSTEM AND METHODS OF DETECTION OF ONCRNAS FOR CANCER DIAGNOSIS
PH196260.1,52,JP 2023538900-A/18020: SYSTEM AND METHODS OF DETECTION OF ONCRNAS FOR CANCER DIAGNOSIS
PH195510.1,52,JP 2023538900-A/17270: SYSTEM AND METHODS OF DETECTION OF ONCRNAS FOR CANCER DIAGNOSIS
9N83_K,51,"Chain K, DNA (35-MER)"
PG107916.1,51,JP 2022547274-A/48: RADIOLABELED MET BINDING PROTEINS FOR IMMUNO-PET IMAGING
9N83_L,51,"Chain L, DNA (34-MER)"
9CQ6_L,51,"Chain L, DNA (34-MER)"
PG107892.1,51,JP 2022547274-A/24: RADIOLABELED MET BINDING PROTEINS FOR IMMUNO-PET IMAGING
9N81_K,51,"Chain K, DNA (34-MER)"
9N82_L,51,"Chain L, DNA (34-MER)"
9N82_K,51,"Chain K, DNA (35-MER)"
9K38_X,51,"Chain X, DNA (51-MER)"
9CQ6_K,51,"Chain K, DNA (36-MER)"
8V5R_P,51,"Chain P, primer DNA"
9CQC_K,51,"Chain K, DNA (34-MER)"
PG107884.1,51,JP 2022547274-A/16: RADIOLABELED MET BINDING PROTEINS FOR IMMUNO-PET IMAGING
9K38_Y,51,"Chain Y, DNA (51-MER)"
9CQ3_K,51,"Chain K, DNA (34-MER)"
PG107920.1,51,JP 2022547274-A/52: RADIOLABELED MET BINDING PROTEINS FOR IMMUNO-PET IMAGING
PH195726.1,50,JP 2023538900-A/17486: SYSTEM AND METHODS OF DETECTION OF ONCRNAS FOR CANCER DIAGNOSIS
9K39_X,50,"Chain X, DNA (50-MER)"
9K39_Y,50,"Chain Y, DNA (50-MER)"
9CQ3_L,50,"Chain L, DNA (37-MER)"
PH195727.1,50,JP 2023538900-A/17487: SYSTEM AND METHODS OF DETECTION OF ONCRNAS FOR CANCER DIAGNOSIS
PH195728.1,50,JP 2023538900-A/17488: SYSTEM AND METHODS OF DETECTION OF ONCRNAS FOR CANCER DIAGNOSIS
PH196219.1,50,JP 2023538900-A/17979: SYSTEM AND METHODS OF DETECTION OF ONCRNAS FOR CANCER DIAGNOSIS
PH196218.1,50,JP 2023538900-A/17978: SYSTEM AND METHODS OF DETECTION OF ONCRNAS FOR CANCER DIAGNOSIS
9N81_L,50,"Chain L, DNA (37-MER)"
9CQC_L,50,"Chain L, DNA (35-MER)"
PG062745.1,50,JP 2022544401-A/11: TGF-Beta Trap
PH195655.1,50,JP 2023538900-A/17415: SYSTEM AND METHODS OF DETECTION OF ONCRNAS FOR CANCER DIAGNOSIS
PH196280.1,50,JP 2023538900-A/18040: SYSTEM AND METHODS OF DETECTION OF ONCRNAS FOR CANCER DIAGNOSIS
PH196278.1,50,JP 2023538900-A/18038: SYSTEM AND METHODS OF DETECTION OF ONCRNAS FOR CANCER DIAGNOSIS
PH195656.1,50,JP 2023538900-A/17416: SYSTEM AND METHODS OF DETECTION OF ONCRNAS FOR CANCER DIAGNOSIS
PH196252.1,50,JP 2023538900-A/18012: SYSTEM AND METHODS OF DETECTION OF ONCRNAS FOR CANCER DIAGNOSIS
PH196220.1,50,JP 2023538900-A/17980: SYSTEM AND METHODS OF DETECTION OF ONCRNAS FOR CANCER DIAGNOSIS
PH195915.1,50,JP 2023538900-A/17675: SYSTEM AND METHODS OF DETECTION OF ONCRNAS FOR CANCER DIAGNOSIS
PH195917.1,50,JP 2023538900-A/17677: SYSTEM AND METHODS OF DETECTION OF ONCRNAS FOR CANCER DIAGNOSIS
PH195916.1,50,JP 2023538900-A/17676: SYSTEM AND METHODS OF DETECTION OF ONCRNAS FOR CANCER DIAGNOSIS
PH196251.1,50,JP 2023538900-A/18011: SYSTEM AND METHODS OF DETECTION OF ONCRNAS FOR CANCER DIAGNOSIS
PH195654.1,50,JP 2023538900-A/17414: SYSTEM AND METHODS OF DETECTION OF ONCRNAS FOR CANCER DIAGNOSIS
PH196279.1,50,JP 2023538900-A/18039: SYSTEM AND METHODS OF DETECTION OF ONCRNAS FOR CANCER DIAGNOSIS
PH196253.1,50,JP 2023538900-A/18013: SYSTEM AND METHODS OF DETECTION OF ONCRNAS FOR CANCER DIAGNOSIS
PH196368.1,49,JP 2023538900-A/18128: SYSTEM AND METHODS OF DETECTION OF ONCRNAS FOR CANCER DIAGNOSIS
PH196369.1,49,JP 2023538900-A/18129: SYSTEM AND METHODS OF DETECTION OF ONCRNAS FOR CANCER DIAGNOSIS
PH196370.1,49,JP 2023538900-A/18130: SYSTEM AND METHODS OF DETECTION OF ONCRNAS FOR CANCER DIAGNOSIS
PH195528.1,49,JP 2023538900-A/17288: SYSTEM AND METHODS OF DETECTION OF ONCRNAS FOR CANCER DIAGNOSIS
PH195530.1,49,JP 2023538900-A/17290: SYSTEM AND METHODS OF DETECTION OF ONCRNAS FOR CANCER DIAGNOSIS
PH195529.1,49,JP 2023538900-A/17289: SYSTEM AND METHODS OF DETECTION OF ONCRNAS FOR CANCER DIAGNOSIS
PV443714.1,48,"Homo sapiens isolate A40P4 endoplasmic reticulum aminopeptidase 1 isoform X1 (ERAP1) gene, partial cds"
PH196695.1,48,JP 2023538900-A/18455: SYSTEM AND METHODS OF DETECTION OF ONCRNAS FOR CANCER DIAGNOSIS
PH196697.1,48,JP 2023538900-A/18457: SYSTEM AND METHODS OF DETECTION OF ONCRNAS FOR CANCER DIAGNOSIS
PH196681.1,48,JP 2023538900-A/18441: SYSTEM AND METHODS OF DETECTION OF ONCRNAS FOR CANCER DIAGNOSIS
PH196682.1,48,JP 2023538900-A/18442: SYSTEM AND METHODS OF DETECTION OF ONCRNAS FOR CANCER DIAGNOSIS
PH196680.1,48,JP 2023538900-A/18440: SYSTEM AND METHODS OF DETECTION OF ONCRNAS FOR CANCER DIAGNOSIS
PH196696.1,48,JP 2023538900-A/18456: SYSTEM AND METHODS OF DETECTION OF ONCRNAS FOR CANCER DIAGNOSIS
PH196469.1,48,JP 2023538900-A/18229: SYSTEM AND METHODS OF DETECTION OF ONCRNAS FOR CANCER DIAGNOSIS
PH196467.1,48,JP 2023538900-A/18227: SYSTEM AND METHODS OF DETECTION OF ONCRNAS FOR CANCER DIAGNOSIS
PH196468.1,48,JP 2023538900-A/18228: SYSTEM AND METHODS OF DETECTION OF ONCRNAS FOR CANCER DIAGNOSIS
PH196300.1,47,JP 2023538900-A/18060: SYSTEM AND METHODS OF DETECTION OF ONCRNAS FOR CANCER DIAGNOSIS
PH196301.1,47,JP 2023538900-A/18061: SYSTEM AND METHODS OF DETECTION OF ONCRNAS FOR CANCER DIAGNOSIS
PH196299.1,47,JP 2023538900-A/18059: SYSTEM AND METHODS OF DETECTION OF ONCRNAS FOR CANCER DIAGNOSIS
PH196018.1,47,JP 2023538900-A/17778: SYSTEM AND METHODS OF DETECTION OF ONCRNAS FOR CANCER DIAGNOSIS
PH196017.1,47,JP 2023538900-A/17777: SYSTEM AND METHODS OF DETECTION OF ONCRNAS FOR CANCER DIAGNOSIS
PH196019.1,47,JP 2023538900-A/17779: SYSTEM AND METHODS OF DETECTION OF ONCRNAS FOR CANCER DIAGNOSIS
PH195899.1,47,JP 2023538900-A/17659: SYSTEM AND METHODS OF DETECTION OF ONCRNAS FOR CANCER DIAGNOSIS
PH195898.1,47,JP 2023538900-A/17658: SYSTEM AND METHODS OF DETECTION OF ONCRNAS FOR CANCER DIAGNOSIS
PH195897.1,47,JP 2023538900-A/17657: SYSTEM AND METHODS OF DETECTION OF ONCRNAS FOR CANCER DIAGNOSIS
PH195593.1,46,JP 2023538900-A/17353: SYSTEM AND METHODS OF DETECTION OF ONCRNAS FOR CANCER DIAGNOSIS
PH196674.1,46,JP 2023538900-A/18434: SYSTEM AND METHODS OF DETECTION OF ONCRNAS FOR CANCER DIAGNOSIS
6CIJ_F,46,"Chain F, DNA (46-MER)"
PH196675.1,46,JP 2023538900-A/18435: SYSTEM AND METHODS OF DETECTION OF ONCRNAS FOR CANCER DIAGNOSIS
PH196181.1,46,JP 2023538900-A/17941: SYSTEM AND METHODS OF DETECTION OF ONCRNAS FOR CANCER DIAGNOSIS
PH196136.1,46,JP 2023538900-A/17896: SYSTEM AND METHODS OF DETECTION OF ONCRNAS FOR CANCER DIAGNOSIS
PH196179.1,46,JP 2023538900-A/17939: SYSTEM AND METHODS OF DETECTION OF ONCRNAS FOR CANCER DIAGNOSIS
PH195591.1,46,JP 2023538900-A/17351: SYSTEM AND METHODS OF DETECTION OF ONCRNAS FOR CANCER DIAGNOSIS
PH195592.1,46,JP 2023538900-A/17352: SYSTEM AND METHODS OF DETECTION OF ONCRNAS FOR CANCER DIAGNOSIS
PH196134.1,46,JP 2023538900-A/17894: SYSTEM AND METHODS OF DETECTION OF ONCRNAS FOR CANCER DIAGNOSIS
PH196135.1,46,JP 2023538900-A/17895: SYSTEM AND METHODS OF DETECTION OF ONCRNAS FOR CANCER DIAGNOSIS
PH196180.1,46,JP 2023538900-A/17940: SYSTEM AND METHODS OF DETECTION OF ONCRNAS FOR CANCER DIAGNOSIS
PH196676.1,46,JP 2023538900-A/18436: SYSTEM AND METHODS OF DETECTION OF ONCRNAS FOR CANCER DIAGNOSIS
PH195631.1,45,JP 2023538900-A/17391: SYSTEM AND METHODS OF DETECTION OF ONCRNAS FOR CANCER DIAGNOSIS
PH196476.1,45,JP 2023538900-A/18236: SYSTEM AND METHODS OF DETECTION OF ONCRNAS FOR CANCER DIAGNOSIS
PH196177.1,45,JP 2023538900-A/17937: SYSTEM AND METHODS OF DETECTION OF ONCRNAS FOR CANCER DIAGNOSIS
PH196477.1,45,JP 2023538900-A/18237: SYSTEM AND METHODS OF DETECTION OF ONCRNAS FOR CANCER DIAGNOSIS
PH196178.1,45,JP 2023538900-A/17938: SYSTEM AND METHODS OF DETECTION OF ONCRNAS FOR CANCER DIAGNOSIS
PH196093.1,45,JP 2023538900-A/17853: SYSTEM AND METHODS OF DETECTION OF ONCRNAS FOR CANCER DIAGNOSIS
PH196176.1,45,JP 2023538900-A/17936: SYSTEM AND METHODS OF DETECTION OF ONCRNAS FOR CANCER DIAGNOSIS
PH196094.1,45,JP 2023538900-A/17854: SYSTEM AND METHODS OF DETECTION OF ONCRNAS FOR CANCER DIAGNOSIS
PH196073.1,45,JP 2023538900-A/17833: SYSTEM AND METHODS OF DETECTION OF ONCRNAS FOR CANCER DIAGNOSIS
PH196092.1,45,JP 2023538900-A/17852: SYSTEM AND METHODS OF DETECTION OF ONCRNAS FOR CANCER DIAGNOSIS
PH196072.1,45,JP 2023538900-A/17832: SYSTEM AND METHODS OF DETECTION OF ONCRNAS FOR CANCER DIAGNOSIS
PH196071.1,45,JP 2023538900-A/17831: SYSTEM AND METHODS OF DETECTION OF ONCRNAS FOR CANCER DIAGNOSIS
PH195632.1,45,JP 2023538900-A/17392: SYSTEM AND METHODS OF DETECTION OF ONCRNAS FOR CANCER DIAGNOSIS
PH195630.1,45,JP 2023538900-A/17390: SYSTEM AND METHODS OF DETECTION OF ONCRNAS FOR CANCER DIAGNOSIS
PH196298.1,45,JP 2023538900-A/18058: SYSTEM AND METHODS OF DETECTION OF ONCRNAS FOR CANCER DIAGNOSIS
PH196297.1,45,JP 2023538900-A/18057: SYSTEM AND METHODS OF DETECTION OF ONCRNAS FOR CANCER DIAGNOSIS
PH196478.1,45,JP 2023538900-A/18238: SYSTEM AND METHODS OF DETECTION OF ONCRNAS FOR CANCER DIAGNOSIS
PH196296.1,45,JP 2023538900-A/18056: SYSTEM AND METHODS OF DETECTION OF ONCRNAS FOR CANCER DIAGNOSIS
8W0A_B,45,"Chain B, DNA (5'-D(P*TP*TP*TP*TP*TP*TP*T)-3')"
8W0A_D,45,"Chain D, DNA (5'-D(P*TP*TP*TP*TP*TP*TP*T)-3')"
PH195983.1,44,JP 2023538900-A/17743: SYSTEM AND METHODS OF DETECTION OF ONCRNAS FOR CANCER DIAGNOSIS
PH196539.1,44,JP 2023538900-A/18299: SYSTEM AND METHODS OF DETECTION OF ONCRNAS FOR CANCER DIAGNOSIS
PH196247.1,44,JP 2023538900-A/18007: SYSTEM AND METHODS OF DETECTION OF ONCRNAS FOR CANCER DIAGNOSIS
PH196245.1,44,JP 2023538900-A/18005: SYSTEM AND METHODS OF DETECTION OF ONCRNAS FOR CANCER DIAGNOSIS
PH196540.1,44,JP 2023538900-A/18300: SYSTEM AND METHODS OF DETECTION OF ONCRNAS FOR CANCER DIAGNOSIS
PH196246.1,44,JP 2023538900-A/18006: SYSTEM AND METHODS OF DETECTION OF ONCRNAS FOR CANCER DIAGNOSIS
8XRM_T,44,"Chain T, DNA"
PH195704.1,44,JP 2023538900-A/17464: SYSTEM AND METHODS OF DETECTION OF ONCRNAS FOR CANCER DIAGNOSIS
PH195981.1,44,JP 2023538900-A/17741: SYSTEM AND METHODS OF DETECTION OF ONCRNAS FOR CANCER DIAGNOSIS
8XRM_N,44,"Chain N, DNA"
PH196541.1,44,JP 2023538900-A/18301: SYSTEM AND METHODS OF DETECTION OF ONCRNAS FOR CANCER DIAGNOSIS
PH195982.1,44,JP 2023538900-A/17742: SYSTEM AND METHODS OF DETECTION OF ONCRNAS FOR CANCER DIAGNOSIS
PH196659.1,43,JP 2023538900-A/18419: SYSTEM AND METHODS OF DETECTION OF ONCRNAS FOR CANCER DIAGNOSIS
PH196668.1,43,JP 2023538900-A/18428: SYSTEM AND METHODS OF DETECTION OF ONCRNAS FOR CANCER DIAGNOSIS
PH196669.1,43,JP 2023538900-A/18429: SYSTEM AND METHODS OF DETECTION OF ONCRNAS FOR CANCER DIAGNOSIS
PH196670.1,43,JP 2023538900-A/18430: SYSTEM AND METHODS OF DETECTION OF ONCRNAS FOR CANCER DIAGNOSIS
PH196656.1,43,JP 2023538900-A/18416: SYSTEM AND METHODS OF DETECTION OF ONCRNAS FOR CANCER DIAGNOSIS
PV443689.1,43,"Homo sapiens isolate A29P4 endoplasmic reticulum aminopeptidase 1 isoform X1 (ERAP1) gene, partial cds"
PH195750.1,43,JP 2023538900-A/17510: SYSTEM AND METHODS OF DETECTION OF ONCRNAS FOR CANCER DIAGNOSIS
PH196124.1,43,JP 2023538900-A/17884: SYSTEM AND METHODS OF DETECTION OF ONCRNAS FOR CANCER DIAGNOSIS
PH196122.1,43,JP 2023538900-A/17882: SYSTEM AND METHODS OF DETECTION OF ONCRNAS FOR CANCER DIAGNOSIS
PH196657.1,43,JP 2023538900-A/18417: SYSTEM AND METHODS OF DETECTION OF ONCRNAS FOR CANCER DIAGNOSIS
PH196658.1,43,JP 2023538900-A/18418: SYSTEM AND METHODS OF DETECTION OF ONCRNAS FOR CANCER DIAGNOSIS
PH196123.1,43,JP 2023538900-A/17883: SYSTEM AND METHODS OF DETECTION OF ONCRNAS FOR CANCER DIAGNOSIS
PH196660.1,43,JP 2023538900-A/18420: SYSTEM AND METHODS OF DETECTION OF ONCRNAS FOR CANCER DIAGNOSIS
PH196661.1,43,JP 2023538900-A/18421: SYSTEM AND METHODS OF DETECTION OF ONCRNAS FOR CANCER DIAGNOSIS
PH196012.1,43,JP 2023538900-A/17772: SYSTEM AND METHODS OF DETECTION OF ONCRNAS FOR CANCER DIAGNOSIS
PH195751.1,43,JP 2023538900-A/17511: SYSTEM AND METHODS OF DETECTION OF ONCRNAS FOR CANCER DIAGNOSIS
PH196013.1,43,JP 2023538900-A/17773: SYSTEM AND METHODS OF DETECTION OF ONCRNAS FOR CANCER DIAGNOSIS
PH196011.1,43,JP 2023538900-A/17771: SYSTEM AND METHODS OF DETECTION OF ONCRNAS FOR CANCER DIAGNOSIS
PH195752.1,43,JP 2023538900-A/17512: SYSTEM AND METHODS OF DETECTION OF ONCRNAS FOR CANCER DIAGNOSIS
PH196233.1,42,JP 2023538900-A/17993: SYSTEM AND METHODS OF DETECTION OF ONCRNAS FOR CANCER DIAGNOSIS
PH195532.1,42,JP 2023538900-A/17292: SYSTEM AND METHODS OF DETECTION OF ONCRNAS FOR CANCER DIAGNOSIS
PH196533.1,42,JP 2023538900-A/18293: SYSTEM AND METHODS OF DETECTION OF ONCRNAS FOR CANCER DIAGNOSIS
PH196534.1,42,JP 2023538900-A/18294: SYSTEM AND METHODS OF DETECTION OF ONCRNAS FOR CANCER DIAGNOSIS
PH195531.1,42,JP 2023538900-A/17291: SYSTEM AND METHODS OF DETECTION OF ONCRNAS FOR CANCER DIAGNOSIS
8DZJ_C,42,"Chain C, target DNA strand"
PH196535.1,42,JP 2023538900-A/18295: SYSTEM AND METHODS OF DETECTION OF ONCRNAS FOR CANCER DIAGNOSIS
PH196235.1,42,JP 2023538900-A/17995: SYSTEM AND METHODS OF DETECTION OF ONCRNAS FOR CANCER DIAGNOSIS
PH196282.1,42,JP 2023538900-A/18042: SYSTEM AND METHODS OF DETECTION OF ONCRNAS FOR CANCER DIAGNOSIS
PG107880.1,42,JP 2022547274-A/12: RADIOLABELED MET BINDING PROTEINS FOR IMMUNO-PET IMAGING
PH195941.1,42,JP 2023538900-A/17701: SYSTEM AND METHODS OF DETECTION OF ONCRNAS FOR CANCER DIAGNOSIS
PH195940.1,42,JP 2023538900-A/17700: SYSTEM AND METHODS OF DETECTION OF ONCRNAS FOR CANCER DIAGNOSIS
PH195939.1,42,JP 2023538900-A/17699: SYSTEM AND METHODS OF DETECTION OF ONCRNAS FOR CANCER DIAGNOSIS
PH196283.1,42,JP 2023538900-A/18043: SYSTEM AND METHODS OF DETECTION OF ONCRNAS FOR CANCER DIAGNOSIS
PH196281.1,42,JP 2023538900-A/18041: SYSTEM AND METHODS OF DETECTION OF ONCRNAS FOR CANCER DIAGNOSIS
PH195533.1,42,JP 2023538900-A/17293: SYSTEM AND METHODS OF DETECTION OF ONCRNAS FOR CANCER DIAGNOSIS
PH196234.1,42,JP 2023538900-A/17994: SYSTEM AND METHODS OF DETECTION OF ONCRNAS FOR CANCER DIAGNOSIS
PG107900.1,42,JP 2022547274-A/32: RADIOLABELED MET BINDING PROTEINS FOR IMMUNO-PET IMAGING
8DZJ_D,42,"Chain D, Non-target DNA strand"
PG061430.1,41,JP 2022547790-A/4: CHEMICALLY MODIFIED OLIGONUCLEOTIDES TARGETING SNPS
PG061433.1,41,JP 2022547790-A/7: CHEMICALLY MODIFIED OLIGONUCLEOTIDES TARGETING SNPS
PG061432.1,41,JP 2022547790-A/6: CHEMICALLY MODIFIED OLIGONUCLEOTIDES TARGETING SNPS
PH195642.1,41,JP 2023538900-A/17402: SYSTEM AND METHODS OF DETECTION OF ONCRNAS FOR CANCER DIAGNOSIS
PG061434.1,41,JP 2022547790-A/8: CHEMICALLY MODIFIED OLIGONUCLEOTIDES TARGETING SNPS
PG061431.1,41,JP 2022547790-A/5: CHEMICALLY MODIFIED OLIGONUCLEOTIDES TARGETING SNPS
6CIJ_M,41,"Chain M, DNA (41-MER)"
PH196626.1,41,JP 2023538900-A/18386: SYSTEM AND METHODS OF DETECTION OF ONCRNAS FOR CANCER DIAGNOSIS
PG061427.1,41,JP 2022547790-A/1: CHEMICALLY MODIFIED OLIGONUCLEOTIDES TARGETING SNPS
PG061436.1,41,JP 2022547790-A/10: CHEMICALLY MODIFIED OLIGONUCLEOTIDES TARGETING SNPS
PG061435.1,41,JP 2022547790-A/9: CHEMICALLY MODIFIED OLIGONUCLEOTIDES TARGETING SNPS
PH195683.1,41,JP 2023538900-A/17443: SYSTEM AND METHODS OF DETECTION OF ONCRNAS FOR CANCER DIAGNOSIS
PG061429.1,41,JP 2022547790-A/3: CHEMICALLY MODIFIED OLIGONUCLEOTIDES TARGETING SNPS
PH195682.1,41,JP 2023538900-A/17442: SYSTEM AND METHODS OF DETECTION OF ONCRNAS FOR CANCER DIAGNOSIS
PH195681.1,41,JP 2023538900-A/17441: SYSTEM AND METHODS OF DETECTION OF ONCRNAS FOR CANCER DIAGNOSIS
PH195644.1,41,JP 2023538900-A/17404: SYSTEM AND METHODS OF DETECTION OF ONCRNAS FOR CANCER DIAGNOSIS
PH195643.1,41,JP 2023538900-A/17403: SYSTEM AND METHODS OF DETECTION OF ONCRNAS FOR CANCER DIAGNOSIS
PH196125.1,41,JP 2023538900-A/17885: SYSTEM AND METHODS OF DETECTION OF ONCRNAS FOR CANCER DIAGNOSIS
PH196168.1,41,JP 2023538900-A/17928: SYSTEM AND METHODS OF DETECTION OF ONCRNAS FOR CANCER DIAGNOSIS
PH196627.1,41,JP 2023538900-A/18387: SYSTEM AND METHODS OF DETECTION OF ONCRNAS FOR CANCER DIAGNOSIS
PH196222.1,41,JP 2023538900-A/17982: SYSTEM AND METHODS OF DETECTION OF ONCRNAS FOR CANCER DIAGNOSIS
PH196221.1,41,JP 2023538900-A/17981: SYSTEM AND METHODS OF DETECTION OF ONCRNAS FOR CANCER DIAGNOSIS
PH196167.1,41,JP 2023538900-A/17927: SYSTEM AND METHODS OF DETECTION OF ONCRNAS FOR CANCER DIAGNOSIS
PH196126.1,41,JP 2023538900-A/17886: SYSTEM AND METHODS OF DETECTION OF ONCRNAS FOR CANCER DIAGNOSIS
PH196631.1,41,JP 2023538900-A/18391: SYSTEM AND METHODS OF DETECTION OF ONCRNAS FOR CANCER DIAGNOSIS
PH196158.1,41,JP 2023538900-A/17918: SYSTEM AND METHODS OF DETECTION OF ONCRNAS FOR CANCER DIAGNOSIS
PH196159.1,41,JP 2023538900-A/17919: SYSTEM AND METHODS OF DETECTION OF ONCRNAS FOR CANCER DIAGNOSIS
PH196160.1,41,JP 2023538900-A/17920: SYSTEM AND METHODS OF DETECTION OF ONCRNAS FOR CANCER DIAGNOSIS
PH196628.1,41,JP 2023538900-A/18388: SYSTEM AND METHODS OF DETECTION OF ONCRNAS FOR CANCER DIAGNOSIS
PH196630.1,41,JP 2023538900-A/18390: SYSTEM AND METHODS OF DETECTION OF ONCRNAS FOR CANCER DIAGNOSIS
PH196629.1,41,JP 2023538900-A/18389: SYSTEM AND METHODS OF DETECTION OF ONCRNAS FOR CANCER DIAGNOSIS
PH196169.1,41,JP 2023538900-A/17929: SYSTEM AND METHODS OF DETECTION OF ONCRNAS FOR CANCER DIAGNOSIS
PH196127.1,41,JP 2023538900-A/17887: SYSTEM AND METHODS OF DETECTION OF ONCRNAS FOR CANCER DIAGNOSIS
PH196223.1,41,JP 2023538900-A/17983: SYSTEM AND METHODS OF DETECTION OF ONCRNAS FOR CANCER DIAGNOSIS
PG061428.1,41,JP 2022547790-A/2: CHEMICALLY MODIFIED OLIGONUCLEOTIDES TARGETING SNPS
PH161165.1,40,JP 2023528621-A/2987: Detecting a Chromosome Marker
PH161169.1,40,JP 2023528621-A/2991: Detecting a Chromosome Marker
PH161177.1,40,JP 2023528621-A/2999: Detecting a Chromosome Marker
PH161123.1,40,JP 2023528621-A/2945: Detecting a Chromosome Marker
PH161101.1,40,JP 2023528621-A/2923: Detecting a Chromosome Marker
PH195721.1,40,JP 2023538900-A/17481: SYSTEM AND METHODS OF DETECTION OF ONCRNAS FOR CANCER DIAGNOSIS
PH161121.1,40,JP 2023528621-A/2943: Detecting a Chromosome Marker
PH161187.1,40,JP 2023528621-A/3009: Detecting a Chromosome Marker
PH195720.1,40,JP 2023538900-A/17480: SYSTEM AND METHODS OF DETECTION OF ONCRNAS FOR CANCER DIAGNOSIS
PH161194.1,40,JP 2023528621-A/3016: Detecting a Chromosome Marker
PH195722.1,40,JP 2023538900-A/17482: SYSTEM AND METHODS OF DETECTION OF ONCRNAS FOR CANCER DIAGNOSIS
PH161179.1,40,JP 2023528621-A/3001: Detecting a Chromosome Marker
PH161204.1,40,JP 2023528621-A/3026: Detecting a Chromosome Marker
PH161208.1,40,JP 2023528621-A/3030: Detecting a Chromosome Marker
PH161209.1,40,JP 2023528621-A/3031: Detecting a Chromosome Marker
PH161210.1,40,JP 2023528621-A/3032: Detecting a Chromosome Marker
PH161228.1,40,JP 2023528621-A/3050: Detecting a Chromosome Marker
PH161222.1,40,JP 2023528621-A/3044: Detecting a Chromosome Marker
PH161221.1,40,JP 2023528621-A/3043: Detecting a Chromosome Marker
PH161229.1,40,JP 2023528621-A/3051: Detecting a Chromosome Marker
PH161212.1,40,JP 2023528621-A/3034: Detecting a Chromosome Marker
PH195979.1,40,JP 2023538900-A/17739: SYSTEM AND METHODS OF DETECTION OF ONCRNAS FOR CANCER DIAGNOSIS
PH195980.1,40,JP 2023538900-A/17740: SYSTEM AND METHODS OF DETECTION OF ONCRNAS FOR CANCER DIAGNOSIS
PH161224.1,40,JP 2023528621-A/3046: Detecting a Chromosome Marker
PH195978.1,40,JP 2023538900-A/17738: SYSTEM AND METHODS OF DETECTION OF ONCRNAS FOR CANCER DIAGNOSIS
PH161579.1,40,JP 2023528621-A/3401: Detecting a Chromosome Marker
PH161567.1,40,JP 2023528621-A/3389: Detecting a Chromosome Marker
PH161576.1,40,JP 2023528621-A/3398: Detecting a Chromosome Marker
PH161575.1,40,JP 2023528621-A/3397: Detecting a Chromosome Marker
PH161095.1,40,JP 2023528621-A/2917: Detecting a Chromosome Marker
PH161180.1,40,JP 2023528621-A/3002: Detecting a Chromosome Marker
PH161480.1,40,JP 2023528621-A/3302: Detecting a Chromosome Marker
PH161507.1,40,JP 2023528621-A/3329: Detecting a Chromosome Marker
PH161506.1,40,JP 2023528621-A/3328: Detecting a Chromosome Marker
PH161495.1,40,JP 2023528621-A/3317: Detecting a Chromosome Marker
PH161496.1,40,JP 2023528621-A/3318: Detecting a Chromosome Marker
PH161217.1,40,JP 2023528621-A/3039: Detecting a Chromosome Marker
PH161503.1,40,JP 2023528621-A/3325: Detecting a Chromosome Marker
PH161504.1,40,JP 2023528621-A/3326: Detecting a Chromosome Marker
PH161505.1,40,JP 2023528621-A/3327: Detecting a Chromosome Marker
PH161483.1,40,JP 2023528621-A/3305: Detecting a Chromosome Marker
PH161486.1,40,JP 2023528621-A/3308: Detecting a Chromosome Marker
PH161484.1,40,JP 2023528621-A/3306: Detecting a Chromosome Marker
PH161219.1,40,JP 2023528621-A/3041: Detecting a Chromosome Marker
PH161525.1,40,JP 2023528621-A/3347: Detecting a Chromosome Marker
PH161526.1,40,JP 2023528621-A/3348: Detecting a Chromosome Marker
PH161532.1,40,JP 2023528621-A/3354: Detecting a Chromosome Marker
PH161531.1,40,JP 2023528621-A/3353: Detecting a Chromosome Marker
PH161517.1,40,JP 2023528621-A/3339: Detecting a Chromosome Marker
PH161515.1,40,JP 2023528621-A/3337: Detecting a Chromosome Marker
PH161512.1,40,JP 2023528621-A/3334: Detecting a Chromosome Marker
PH161511.1,40,JP 2023528621-A/3333: Detecting a Chromosome Marker
PH161533.1,40,JP 2023528621-A/3355: Detecting a Chromosome Marker
PH161534.1,40,JP 2023528621-A/3356: Detecting a Chromosome Marker
PH196525.1,40,JP 2023538900-A/18285: SYSTEM AND METHODS OF DETECTION OF ONCRNAS FOR CANCER DIAGNOSIS
PH196524.1,40,JP 2023538900-A/18284: SYSTEM AND METHODS OF DETECTION OF ONCRNAS FOR CANCER DIAGNOSIS
PH161482.1,40,JP 2023528621-A/3304: Detecting a Chromosome Marker
PH161481.1,40,JP 2023528621-A/3303: Detecting a Chromosome Marker
PH161524.1,40,JP 2023528621-A/3346: Detecting a Chromosome Marker
PH161521.1,40,JP 2023528621-A/3343: Detecting a Chromosome Marker
PH161490.1,40,JP 2023528621-A/3312: Detecting a Chromosome Marker
PH161497.1,40,JP 2023528621-A/3319: Detecting a Chromosome Marker
PH161489.1,40,JP 2023528621-A/3311: Detecting a Chromosome Marker
PH161502.1,40,JP 2023528621-A/3324: Detecting a Chromosome Marker
PH161494.1,40,JP 2023528621-A/3316: Detecting a Chromosome Marker
PH161499.1,40,JP 2023528621-A/3321: Detecting a Chromosome Marker
PH196526.1,40,JP 2023538900-A/18286: SYSTEM AND METHODS OF DETECTION OF ONCRNAS FOR CANCER DIAGNOSIS
PH161565.1,40,JP 2023528621-A/3387: Detecting a Chromosome Marker
PH161571.1,40,JP 2023528621-A/3393: Detecting a Chromosome Marker
PH161545.1,40,JP 2023528621-A/3367: Detecting a Chromosome Marker
PH161544.1,40,JP 2023528621-A/3366: Detecting a Chromosome Marker
PH161557.1,40,JP 2023528621-A/3379: Detecting a Chromosome Marker
PH161556.1,40,JP 2023528621-A/3378: Detecting a Chromosome Marker
PH161555.1,40,JP 2023528621-A/3377: Detecting a Chromosome Marker
PH161561.1,40,JP 2023528621-A/3383: Detecting a Chromosome Marker
PH161562.1,40,JP 2023528621-A/3384: Detecting a Chromosome Marker
PH161125.1,40,JP 2023528621-A/2947: Detecting a Chromosome Marker
PH161192.1,40,JP 2023528621-A/3014: Detecting a Chromosome Marker
PH161105.1,40,JP 2023528621-A/2927: Detecting a Chromosome Marker
PH161129.1,40,JP 2023528621-A/2951: Detecting a Chromosome Marker
PH161109.1,40,JP 2023528621-A/2931: Detecting a Chromosome Marker
PH161536.1,40,JP 2023528621-A/3358: Detecting a Chromosome Marker
PH161540.1,40,JP 2023528621-A/3362: Detecting a Chromosome Marker
PH161539.1,40,JP 2023528621-A/3361: Detecting a Chromosome Marker
PH161546.1,40,JP 2023528621-A/3368: Detecting a Chromosome Marker
PH161547.1,40,JP 2023528621-A/3369: Detecting a Chromosome Marker
PH161529.1,40,JP 2023528621-A/3351: Detecting a Chromosome Marker
PH161530.1,40,JP 2023528621-A/3352: Detecting a Chromosome Marker
PH161549.1,40,JP 2023528621-A/3371: Detecting a Chromosome Marker
PH161552.1,40,JP 2023528621-A/3374: Detecting a Chromosome Marker
PH161554.1,40,JP 2023528621-A/3376: Detecting a Chromosome Marker
PH161553.1,40,JP 2023528621-A/3375: Detecting a Chromosome Marker
PH161574.1,40,JP 2023528621-A/3396: Detecting a Chromosome Marker
PH161141.1,40,JP 2023528621-A/2963: Detecting a Chromosome Marker
PH161137.1,40,JP 2023528621-A/2959: Detecting a Chromosome Marker
PH161139.1,40,JP 2023528621-A/2961: Detecting a Chromosome Marker
PH161163.1,40,JP 2023528621-A/2985: Detecting a Chromosome Marker
PH161159.1,40,JP 2023528621-A/2981: Detecting a Chromosome Marker
PH161155.1,40,JP 2023528621-A/2977: Detecting a Chromosome Marker
PH161119.1,40,JP 2023528621-A/2941: Detecting a Chromosome Marker
PH161117.1,40,JP 2023528621-A/2939: Detecting a Chromosome Marker
PH161145.1,40,JP 2023528621-A/2967: Detecting a Chromosome Marker
PH161190.1,40,JP 2023528621-A/3012: Detecting a Chromosome Marker
PH161202.1,40,JP 2023528621-A/3024: Detecting a Chromosome Marker
PH161201.1,40,JP 2023528621-A/3023: Detecting a Chromosome Marker
PH161200.1,40,JP 2023528621-A/3022: Detecting a Chromosome Marker
PH161199.1,40,JP 2023528621-A/3021: Detecting a Chromosome Marker
PH161198.1,40,JP 2023528621-A/3020: Detecting a Chromosome Marker
PH161203.1,39,JP 2023528621-A/3025: Detecting a Chromosome Marker
PG107908.1,39,JP 2022547274-A/40: RADIOLABELED MET BINDING PROTEINS FOR IMMUNO-PET IMAGING
PG107904.1,39,JP 2022547274-A/36: RADIOLABELED MET BINDING PROTEINS FOR IMMUNO-PET IMAGING
PG107888.1,39,JP 2022547274-A/20: RADIOLABELED MET BINDING PROTEINS FOR IMMUNO-PET IMAGING
PH195849.1,39,JP 2023538900-A/17609: SYSTEM AND METHODS OF DETECTION OF ONCRNAS FOR CANCER DIAGNOSIS
PG107928.1,39,JP 2022547274-A/60: RADIOLABELED MET BINDING PROTEINS FOR IMMUNO-PET IMAGING
PH161149.1,39,JP 2023528621-A/2971: Detecting a Chromosome Marker
PH195792.1,39,JP 2023538900-A/17552: SYSTEM AND METHODS OF DETECTION OF ONCRNAS FOR CANCER DIAGNOSIS
PH195850.1,39,JP 2023538900-A/17610: SYSTEM AND METHODS OF DETECTION OF ONCRNAS FOR CANCER DIAGNOSIS
PH195851.1,39,JP 2023538900-A/17611: SYSTEM AND METHODS OF DETECTION OF ONCRNAS FOR CANCER DIAGNOSIS
PH161572.1,39,JP 2023528621-A/3394: Detecting a Chromosome Marker
PG107924.1,39,JP 2022547274-A/56: RADIOLABELED MET BINDING PROTEINS FOR IMMUNO-PET IMAGING
PH195794.1,39,JP 2023538900-A/17554: SYSTEM AND METHODS OF DETECTION OF ONCRNAS FOR CANCER DIAGNOSIS
PH195793.1,39,JP 2023538900-A/17553: SYSTEM AND METHODS OF DETECTION OF ONCRNAS FOR CANCER DIAGNOSIS
PH195934.1,39,JP 2023538900-A/17694: SYSTEM AND METHODS OF DETECTION OF ONCRNAS FOR CANCER DIAGNOSIS
PH161520.1,39,JP 2023528621-A/3342: Detecting a Chromosome Marker
PH161522.1,39,JP 2023528621-A/3344: Detecting a Chromosome Marker
PH196559.1,39,JP 2023538900-A/18319: SYSTEM AND METHODS OF DETECTION OF ONCRNAS FOR CANCER DIAGNOSIS
PH196558.1,39,JP 2023538900-A/18318: SYSTEM AND METHODS OF DETECTION OF ONCRNAS FOR CANCER DIAGNOSIS
PH195935.1,39,JP 2023538900-A/17695: SYSTEM AND METHODS OF DETECTION OF ONCRNAS FOR CANCER DIAGNOSIS
PH196255.1,39,JP 2023538900-A/18015: SYSTEM AND METHODS OF DETECTION OF ONCRNAS FOR CANCER DIAGNOSIS
PH196254.1,39,JP 2023538900-A/18014: SYSTEM AND METHODS OF DETECTION OF ONCRNAS FOR CANCER DIAGNOSIS
PH196256.1,39,JP 2023538900-A/18016: SYSTEM AND METHODS OF DETECTION OF ONCRNAS FOR CANCER DIAGNOSIS
PG107876.1,39,JP 2022547274-A/8: RADIOLABELED MET BINDING PROTEINS FOR IMMUNO-PET IMAGING
PH195933.1,39,JP 2023538900-A/17693: SYSTEM AND METHODS OF DETECTION OF ONCRNAS FOR CANCER DIAGNOSIS
PH196557.1,39,JP 2023538900-A/18317: SYSTEM AND METHODS OF DETECTION OF ONCRNAS FOR CANCER DIAGNOSIS
PH161184.1,39,JP 2023528621-A/3006: Detecting a Chromosome Marker
PH196139.1,39,JP 2023538900-A/17899: SYSTEM AND METHODS OF DETECTION OF ONCRNAS FOR CANCER DIAGNOSIS
PH196138.1,39,JP 2023538900-A/17898: SYSTEM AND METHODS OF DETECTION OF ONCRNAS FOR CANCER DIAGNOSIS
PH196137.1,39,JP 2023538900-A/17897: SYSTEM AND METHODS OF DETECTION OF ONCRNAS FOR CANCER DIAGNOSIS
PH195814.1,38,JP 2023538900-A/17574: SYSTEM AND METHODS OF DETECTION OF ONCRNAS FOR CANCER DIAGNOSIS
PH196046.1,38,JP 2023538900-A/17806: SYSTEM AND METHODS OF DETECTION OF ONCRNAS FOR CANCER DIAGNOSIS
PH196033.1,38,JP 2023538900-A/17793: SYSTEM AND METHODS OF DETECTION OF ONCRNAS FOR CANCER DIAGNOSIS
PH195815.1,38,JP 2023538900-A/17575: SYSTEM AND METHODS OF DETECTION OF ONCRNAS FOR CANCER DIAGNOSIS
PH195813.1,38,JP 2023538900-A/17573: SYSTEM AND METHODS OF DETECTION OF ONCRNAS FOR CANCER DIAGNOSIS
PH161551.1,38,JP 2023528621-A/3373: Detecting a Chromosome Marker
PH195688.1,38,JP 2023538900-A/17448: SYSTEM AND METHODS OF DETECTION OF ONCRNAS FOR CANCER DIAGNOSIS
PH195687.1,38,JP 2023538900-A/17447: SYSTEM AND METHODS OF DETECTION OF ONCRNAS FOR CANCER DIAGNOSIS
PH161548.1,38,JP 2023528621-A/3370: Detecting a Chromosome Marker
PH195516.1,38,JP 2023538900-A/17276: SYSTEM AND METHODS OF DETECTION OF ONCRNAS FOR CANCER DIAGNOSIS
PH195689.1,38,JP 2023538900-A/17449: SYSTEM AND METHODS OF DETECTION OF ONCRNAS FOR CANCER DIAGNOSIS
PH161498.1,38,JP 2023528621-A/3320: Detecting a Chromosome Marker
PH161206.1,38,JP 2023528621-A/3028: Detecting a Chromosome Marker
PH161514.1,38,JP 2023528621-A/3336: Detecting a Chromosome Marker
PH195518.1,38,JP 2023538900-A/17278: SYSTEM AND METHODS OF DETECTION OF ONCRNAS FOR CANCER DIAGNOSIS
PH196437.1,38,JP 2023538900-A/18197: SYSTEM AND METHODS OF DETECTION OF ONCRNAS FOR CANCER DIAGNOSIS
PH196438.1,38,JP 2023538900-A/18198: SYSTEM AND METHODS OF DETECTION OF ONCRNAS FOR CANCER DIAGNOSIS
PH196439.1,38,JP 2023538900-A/18199: SYSTEM AND METHODS OF DETECTION OF ONCRNAS FOR CANCER DIAGNOSIS
PH196044.1,38,JP 2023538900-A/17804: SYSTEM AND METHODS OF DETECTION OF ONCRNAS FOR CANCER DIAGNOSIS
PH196032.1,38,JP 2023538900-A/17792: SYSTEM AND METHODS OF DETECTION OF ONCRNAS FOR CANCER DIAGNOSIS
PH161570.1,38,JP 2023528621-A/3392: Detecting a Chromosome Marker
PH196045.1,38,JP 2023538900-A/17805: SYSTEM AND METHODS OF DETECTION OF ONCRNAS FOR CANCER DIAGNOSIS
PH161133.1,38,JP 2023528621-A/2955: Detecting a Chromosome Marker
PH196034.1,38,JP 2023538900-A/17794: SYSTEM AND METHODS OF DETECTION OF ONCRNAS FOR CANCER DIAGNOSIS
PH195972.1,38,JP 2023538900-A/17732: SYSTEM AND METHODS OF DETECTION OF ONCRNAS FOR CANCER DIAGNOSIS
PH195517.1,38,JP 2023538900-A/17277: SYSTEM AND METHODS OF DETECTION OF ONCRNAS FOR CANCER DIAGNOSIS
PH195974.1,38,JP 2023538900-A/17734: SYSTEM AND METHODS OF DETECTION OF ONCRNAS FOR CANCER DIAGNOSIS
PH195973.1,38,JP 2023538900-A/17733: SYSTEM AND METHODS OF DETECTION OF ONCRNAS FOR CANCER DIAGNOSIS
PH195874.1,37,JP 2023538900-A/17634: SYSTEM AND METHODS OF DETECTION OF ONCRNAS FOR CANCER DIAGNOSIS
PH195873.1,37,JP 2023538900-A/17633: SYSTEM AND METHODS OF DETECTION OF ONCRNAS FOR CANCER DIAGNOSIS
9HDQ_B,37,"Chain B, Target DNA strand 1"
9HDR_B,37,"Chain B, Target DNA strand 1"
9HDP_B,37,"Chain B, Target DNA strand 1"
PH161196.1,37,JP 2023528621-A/3018: Detecting a Chromosome Marker
PH161527.1,37,JP 2023528621-A/3349: Detecting a Chromosome Marker
PH161127.1,37,JP 2023528621-A/2949: Detecting a Chromosome Marker
9HDO_B,37,"Chain B, Target DNA strand 1"
PH195875.1,37,JP 2023538900-A/17635: SYSTEM AND METHODS OF DETECTION OF ONCRNAS FOR CANCER DIAGNOSIS
PH161113.1,37,JP 2023528621-A/2935: Detecting a Chromosome Marker
PH161115.1,37,JP 2023528621-A/2937: Detecting a Chromosome Marker
PH196425.1,37,JP 2023538900-A/18185: SYSTEM AND METHODS OF DETECTION OF ONCRNAS FOR CANCER DIAGNOSIS
PH196416.1,37,JP 2023538900-A/18176: SYSTEM AND METHODS OF DETECTION OF ONCRNAS FOR CANCER DIAGNOSIS
PH196003.1,37,JP 2023538900-A/17763: SYSTEM AND METHODS OF DETECTION OF ONCRNAS FOR CANCER DIAGNOSIS
PH196002.1,37,JP 2023538900-A/17762: SYSTEM AND METHODS OF DETECTION OF ONCRNAS FOR CANCER DIAGNOSIS
PH196427.1,37,JP 2023538900-A/18187: SYSTEM AND METHODS OF DETECTION OF ONCRNAS FOR CANCER DIAGNOSIS
PH196426.1,37,JP 2023538900-A/18186: SYSTEM AND METHODS OF DETECTION OF ONCRNAS FOR CANCER DIAGNOSIS
PH196004.1,37,JP 2023538900-A/17764: SYSTEM AND METHODS OF DETECTION OF ONCRNAS FOR CANCER DIAGNOSIS
PH196095.1,37,JP 2023538900-A/17855: SYSTEM AND METHODS OF DETECTION OF ONCRNAS FOR CANCER DIAGNOSIS
PH196096.1,37,JP 2023538900-A/17856: SYSTEM AND METHODS OF DETECTION OF ONCRNAS FOR CANCER DIAGNOSIS
PH196097.1,37,JP 2023538900-A/17857: SYSTEM AND METHODS OF DETECTION OF ONCRNAS FOR CANCER DIAGNOSIS
PH196201.1,37,JP 2023538900-A/17961: SYSTEM AND METHODS OF DETECTION OF ONCRNAS FOR CANCER DIAGNOSIS
PH196200.1,37,JP 2023538900-A/17960: SYSTEM AND METHODS OF DETECTION OF ONCRNAS FOR CANCER DIAGNOSIS
PH196202.1,37,JP 2023538900-A/17962: SYSTEM AND METHODS OF DETECTION OF ONCRNAS FOR CANCER DIAGNOSIS
PH161568.1,37,JP 2023528621-A/3390: Detecting a Chromosome Marker
PH161518.1,37,JP 2023528621-A/3340: Detecting a Chromosome Marker
PH196418.1,37,JP 2023538900-A/18178: SYSTEM AND METHODS OF DETECTION OF ONCRNAS FOR CANCER DIAGNOSIS
PH196417.1,37,JP 2023538900-A/18177: SYSTEM AND METHODS OF DETECTION OF ONCRNAS FOR CANCER DIAGNOSIS
PH196327.1,37,JP 2023538900-A/18087: SYSTEM AND METHODS OF DETECTION OF ONCRNAS FOR CANCER DIAGNOSIS
PH195502.1,37,JP 2023538900-A/17262: SYSTEM AND METHODS OF DETECTION OF ONCRNAS FOR CANCER DIAGNOSIS
PH195503.1,37,JP 2023538900-A/17263: SYSTEM AND METHODS OF DETECTION OF ONCRNAS FOR CANCER DIAGNOSIS
PH195501.1,37,JP 2023538900-A/17261: SYSTEM AND METHODS OF DETECTION OF ONCRNAS FOR CANCER DIAGNOSIS
PH196326.1,37,JP 2023538900-A/18086: SYSTEM AND METHODS OF DETECTION OF ONCRNAS FOR CANCER DIAGNOSIS
8XSO_T,37,"Chain T, DNA"
PH196328.1,37,JP 2023538900-A/18088: SYSTEM AND METHODS OF DETECTION OF ONCRNAS FOR CANCER DIAGNOSIS
PH195949.1,37,JP 2023538900-A/17709: SYSTEM AND METHODS OF DETECTION OF ONCRNAS FOR CANCER DIAGNOSIS
PH195950.1,37,JP 2023538900-A/17710: SYSTEM AND METHODS OF DETECTION OF ONCRNAS FOR CANCER DIAGNOSIS
PH195948.1,37,JP 2023538900-A/17708: SYSTEM AND METHODS OF DETECTION OF ONCRNAS FOR CANCER DIAGNOSIS
PV443751.1,37,"Homo sapiens isolate A53P1 endoplasmic reticulum aminopeptidase 1 isoform X1 (ERAP1) gene, partial cds"
PH161182.1,37,JP 2023528621-A/3004: Detecting a Chromosome Marker
8XSO_N,37,"Chain N, DNA"
PH161226.1,36,JP 2023528621-A/3048: Detecting a Chromosome Marker
PH161213.1,36,JP 2023528621-A/3035: Detecting a Chromosome Marker
PH195507.1,36,JP 2023538900-A/17267: SYSTEM AND METHODS OF DETECTION OF ONCRNAS FOR CANCER DIAGNOSIS
PH196462.1,36,JP 2023538900-A/18222: SYSTEM AND METHODS OF DETECTION OF ONCRNAS FOR CANCER DIAGNOSIS
PH196463.1,36,JP 2023538900-A/18223: SYSTEM AND METHODS OF DETECTION OF ONCRNAS FOR CANCER DIAGNOSIS
PH196461.1,36,JP 2023538900-A/18221: SYSTEM AND METHODS OF DETECTION OF ONCRNAS FOR CANCER DIAGNOSIS
PH195509.1,36,JP 2023538900-A/17269: SYSTEM AND METHODS OF DETECTION OF ONCRNAS FOR CANCER DIAGNOSIS
PH195508.1,36,JP 2023538900-A/17268: SYSTEM AND METHODS OF DETECTION OF ONCRNAS FOR CANCER DIAGNOSIS
PH161566.1,36,JP 2023528621-A/3388: Detecting a Chromosome Marker
PH161543.1,36,JP 2023528621-A/3365: Detecting a Chromosome Marker
PH161542.1,36,JP 2023528621-A/3364: Detecting a Chromosome Marker
PH161181.1,36,JP 2023528621-A/3003: Detecting a Chromosome Marker
PH161197.1,36,JP 2023528621-A/3019: Detecting a Chromosome Marker
PH161147.1,36,JP 2023528621-A/2969: Detecting a Chromosome Marker
PH161173.1,36,JP 2023528621-A/2995: Detecting a Chromosome Marker
PH195697.1,36,JP 2023538900-A/17457: SYSTEM AND METHODS OF DETECTION OF ONCRNAS FOR CANCER DIAGNOSIS
PH195698.1,36,JP 2023538900-A/17458: SYSTEM AND METHODS OF DETECTION OF ONCRNAS FOR CANCER DIAGNOSIS
PH161519.1,36,JP 2023528621-A/3341: Detecting a Chromosome Marker
PH161491.1,36,JP 2023528621-A/3313: Detecting a Chromosome Marker
PH161492.1,36,JP 2023528621-A/3314: Detecting a Chromosome Marker
PH161488.1,36,JP 2023528621-A/3310: Detecting a Chromosome Marker
PH196110.1,36,JP 2023538900-A/17870: SYSTEM AND METHODS OF DETECTION OF ONCRNAS FOR CANCER DIAGNOSIS
PH196112.1,36,JP 2023538900-A/17872: SYSTEM AND METHODS OF DETECTION OF ONCRNAS FOR CANCER DIAGNOSIS
PH196111.1,36,JP 2023538900-A/17871: SYSTEM AND METHODS OF DETECTION OF ONCRNAS FOR CANCER DIAGNOSIS
PH195696.1,36,JP 2023538900-A/17456: SYSTEM AND METHODS OF DETECTION OF ONCRNAS FOR CANCER DIAGNOSIS
PH195855.1,35,JP 2023538900-A/17615: SYSTEM AND METHODS OF DETECTION OF ONCRNAS FOR CANCER DIAGNOSIS
PH196519.1,35,JP 2023538900-A/18279: SYSTEM AND METHODS OF DETECTION OF ONCRNAS FOR CANCER DIAGNOSIS
PH195856.1,35,JP 2023538900-A/17616: SYSTEM AND METHODS OF DETECTION OF ONCRNAS FOR CANCER DIAGNOSIS
PH161225.1,35,JP 2023528621-A/3047: Detecting a Chromosome Marker
PH161214.1,35,JP 2023528621-A/3036: Detecting a Chromosome Marker
PH195857.1,35,JP 2023538900-A/17617: SYSTEM AND METHODS OF DETECTION OF ONCRNAS FOR CANCER DIAGNOSIS
PH196518.1,35,JP 2023538900-A/18278: SYSTEM AND METHODS OF DETECTION OF ONCRNAS FOR CANCER DIAGNOSIS
PH196520.1,35,JP 2023538900-A/18280: SYSTEM AND METHODS OF DETECTION OF ONCRNAS FOR CANCER DIAGNOSIS
PH161093.1,35,JP 2023528621-A/2915: Detecting a Chromosome Marker
PH161516.1,35,JP 2023528621-A/3338: Detecting a Chromosome Marker
PH161111.1,35,JP 2023528621-A/2933: Detecting a Chromosome Marker
PH161560.1,35,JP 2023528621-A/3382: Detecting a Chromosome Marker
PH196040.1,35,JP 2023538900-A/17800: SYSTEM AND METHODS OF DETECTION OF ONCRNAS FOR CANCER DIAGNOSIS
PH196039.1,35,JP 2023538900-A/17799: SYSTEM AND METHODS OF DETECTION OF ONCRNAS FOR CANCER DIAGNOSIS
PH196090.1,35,JP 2023538900-A/17850: SYSTEM AND METHODS OF DETECTION OF ONCRNAS FOR CANCER DIAGNOSIS
PH161186.1,35,JP 2023528621-A/3008: Detecting a Chromosome Marker
PH161538.1,35,JP 2023528621-A/3360: Detecting a Chromosome Marker
PH161501.1,35,JP 2023528621-A/3323: Detecting a Chromosome Marker
PH196091.1,35,JP 2023538900-A/17851: SYSTEM AND METHODS OF DETECTION OF ONCRNAS FOR CANCER DIAGNOSIS
PH161183.1,35,JP 2023528621-A/3005: Detecting a Chromosome Marker
PH161510.1,35,JP 2023528621-A/3332: Detecting a Chromosome Marker
PH196089.1,35,JP 2023538900-A/17849: SYSTEM AND METHODS OF DETECTION OF ONCRNAS FOR CANCER DIAGNOSIS
PH161513.1,35,JP 2023528621-A/3335: Detecting a Chromosome Marker
PH196238.1,35,JP 2023538900-A/17998: SYSTEM AND METHODS OF DETECTION OF ONCRNAS FOR CANCER DIAGNOSIS
PH196237.1,35,JP 2023538900-A/17997: SYSTEM AND METHODS OF DETECTION OF ONCRNAS FOR CANCER DIAGNOSIS
PH195716.1,35,JP 2023538900-A/17476: SYSTEM AND METHODS OF DETECTION OF ONCRNAS FOR CANCER DIAGNOSIS
PH196038.1,35,JP 2023538900-A/17798: SYSTEM AND METHODS OF DETECTION OF ONCRNAS FOR CANCER DIAGNOSIS
PH161569.1,35,JP 2023528621-A/3391: Detecting a Chromosome Marker
PH195937.1,35,JP 2023538900-A/17697: SYSTEM AND METHODS OF DETECTION OF ONCRNAS FOR CANCER DIAGNOSIS
PH196380.1,35,JP 2023538900-A/18140: SYSTEM AND METHODS OF DETECTION OF ONCRNAS FOR CANCER DIAGNOSIS
PH195936.1,35,JP 2023538900-A/17696: SYSTEM AND METHODS OF DETECTION OF ONCRNAS FOR CANCER DIAGNOSIS
PH195938.1,35,JP 2023538900-A/17698: SYSTEM AND METHODS OF DETECTION OF ONCRNAS FOR CANCER DIAGNOSIS
PH196381.1,35,JP 2023538900-A/18141: SYSTEM AND METHODS OF DETECTION OF ONCRNAS FOR CANCER DIAGNOSIS
PH161577.1,35,JP 2023528621-A/3399: Detecting a Chromosome Marker
PH196236.1,35,JP 2023538900-A/17996: SYSTEM AND METHODS OF DETECTION OF ONCRNAS FOR CANCER DIAGNOSIS
PH195714.1,35,JP 2023538900-A/17474: SYSTEM AND METHODS OF DETECTION OF ONCRNAS FOR CANCER DIAGNOSIS
PH195715.1,35,JP 2023538900-A/17475: SYSTEM AND METHODS OF DETECTION OF ONCRNAS FOR CANCER DIAGNOSIS
PH196382.1,35,JP 2023538900-A/18142: SYSTEM AND METHODS OF DETECTION OF ONCRNAS FOR CANCER DIAGNOSIS
PH161218.1,34,JP 2023528621-A/3040: Detecting a Chromosome Marker
PH196474.1,34,JP 2023538900-A/18234: SYSTEM AND METHODS OF DETECTION OF ONCRNAS FOR CANCER DIAGNOSIS
PH196473.1,34,JP 2023538900-A/18233: SYSTEM AND METHODS OF DETECTION OF ONCRNAS FOR CANCER DIAGNOSIS
PH161157.1,34,JP 2023528621-A/2979: Detecting a Chromosome Marker
PH161195.1,34,JP 2023528621-A/3017: Detecting a Chromosome Marker
PH196023.1,34,JP 2023538900-A/17783: SYSTEM AND METHODS OF DETECTION OF ONCRNAS FOR CANCER DIAGNOSIS
PH161541.1,34,JP 2023528621-A/3363: Detecting a Chromosome Marker
PH161171.1,34,JP 2023528621-A/2993: Detecting a Chromosome Marker
PH196108.1,34,JP 2023538900-A/17868: SYSTEM AND METHODS OF DETECTION OF ONCRNAS FOR CANCER DIAGNOSIS
PH196107.1,34,JP 2023538900-A/17867: SYSTEM AND METHODS OF DETECTION OF ONCRNAS FOR CANCER DIAGNOSIS
PH196109.1,34,JP 2023538900-A/17869: SYSTEM AND METHODS OF DETECTION OF ONCRNAS FOR CANCER DIAGNOSIS
PH161559.1,34,JP 2023528621-A/3381: Detecting a Chromosome Marker
PH196052.1,34,JP 2023538900-A/17812: SYSTEM AND METHODS OF DETECTION OF ONCRNAS FOR CANCER DIAGNOSIS
PH195805.1,34,JP 2023538900-A/17565: SYSTEM AND METHODS OF DETECTION OF ONCRNAS FOR CANCER DIAGNOSIS
PH195806.1,34,JP 2023538900-A/17566: SYSTEM AND METHODS OF DETECTION OF ONCRNAS FOR CANCER DIAGNOSIS
PH195804.1,34,JP 2023538900-A/17564: SYSTEM AND METHODS OF DETECTION OF ONCRNAS FOR CANCER DIAGNOSIS
PH196475.1,34,JP 2023538900-A/18235: SYSTEM AND METHODS OF DETECTION OF ONCRNAS FOR CANCER DIAGNOSIS
PH196173.1,34,JP 2023538900-A/17933: SYSTEM AND METHODS OF DETECTION OF ONCRNAS FOR CANCER DIAGNOSIS
PH196175.1,34,JP 2023538900-A/17935: SYSTEM AND METHODS OF DETECTION OF ONCRNAS FOR CANCER DIAGNOSIS
PH195556.1,34,JP 2023538900-A/17316: SYSTEM AND METHODS OF DETECTION OF ONCRNAS FOR CANCER DIAGNOSIS
PH195639.1,34,JP 2023538900-A/17399: SYSTEM AND METHODS OF DETECTION OF ONCRNAS FOR CANCER DIAGNOSIS
PH195534.1,34,JP 2023538900-A/17294: SYSTEM AND METHODS OF DETECTION OF ONCRNAS FOR CANCER DIAGNOSIS
PH195557.1,34,JP 2023538900-A/17317: SYSTEM AND METHODS OF DETECTION OF ONCRNAS FOR CANCER DIAGNOSIS
PH195555.1,34,JP 2023538900-A/17315: SYSTEM AND METHODS OF DETECTION OF ONCRNAS FOR CANCER DIAGNOSIS
PH195535.1,34,JP 2023538900-A/17295: SYSTEM AND METHODS OF DETECTION OF ONCRNAS FOR CANCER DIAGNOSIS
PH196501.1,34,JP 2023538900-A/18261: SYSTEM AND METHODS OF DETECTION OF ONCRNAS FOR CANCER DIAGNOSIS
PH196502.1,34,JP 2023538900-A/18262: SYSTEM AND METHODS OF DETECTION OF ONCRNAS FOR CANCER DIAGNOSIS
PH195789.1,34,JP 2023538900-A/17549: SYSTEM AND METHODS OF DETECTION OF ONCRNAS FOR CANCER DIAGNOSIS
PH195790.1,34,JP 2023538900-A/17550: SYSTEM AND METHODS OF DETECTION OF ONCRNAS FOR CANCER DIAGNOSIS
PH195791.1,34,JP 2023538900-A/17551: SYSTEM AND METHODS OF DETECTION OF ONCRNAS FOR CANCER DIAGNOSIS
PH195755.1,34,JP 2023538900-A/17515: SYSTEM AND METHODS OF DETECTION OF ONCRNAS FOR CANCER DIAGNOSIS
PH195536.1,34,JP 2023538900-A/17296: SYSTEM AND METHODS OF DETECTION OF ONCRNAS FOR CANCER DIAGNOSIS
PH196500.1,34,JP 2023538900-A/18260: SYSTEM AND METHODS OF DETECTION OF ONCRNAS FOR CANCER DIAGNOSIS
PH195754.1,34,JP 2023538900-A/17514: SYSTEM AND METHODS OF DETECTION OF ONCRNAS FOR CANCER DIAGNOSIS
PH195753.1,34,JP 2023538900-A/17513: SYSTEM AND METHODS OF DETECTION OF ONCRNAS FOR CANCER DIAGNOSIS
PH195641.1,34,JP 2023538900-A/17401: SYSTEM AND METHODS OF DETECTION OF ONCRNAS FOR CANCER DIAGNOSIS
PH195640.1,34,JP 2023538900-A/17400: SYSTEM AND METHODS OF DETECTION OF ONCRNAS FOR CANCER DIAGNOSIS
PH196313.1,34,JP 2023538900-A/18073: SYSTEM AND METHODS OF DETECTION OF ONCRNAS FOR CANCER DIAGNOSIS
PH196310.1,34,JP 2023538900-A/18070: SYSTEM AND METHODS OF DETECTION OF ONCRNAS FOR CANCER DIAGNOSIS
PH196311.1,34,JP 2023538900-A/18071: SYSTEM AND METHODS OF DETECTION OF ONCRNAS FOR CANCER DIAGNOSIS
PH196309.1,34,JP 2023538900-A/18069: SYSTEM AND METHODS OF DETECTION OF ONCRNAS FOR CANCER DIAGNOSIS
PH196308.1,34,JP 2023538900-A/18068: SYSTEM AND METHODS OF DETECTION OF ONCRNAS FOR CANCER DIAGNOSIS
PH196312.1,34,JP 2023538900-A/18072: SYSTEM AND METHODS OF DETECTION OF ONCRNAS FOR CANCER DIAGNOSIS
PH196174.1,34,JP 2023538900-A/17934: SYSTEM AND METHODS OF DETECTION OF ONCRNAS FOR CANCER DIAGNOSIS
PH196024.1,34,JP 2023538900-A/17784: SYSTEM AND METHODS OF DETECTION OF ONCRNAS FOR CANCER DIAGNOSIS
PH196051.1,34,JP 2023538900-A/17811: SYSTEM AND METHODS OF DETECTION OF ONCRNAS FOR CANCER DIAGNOSIS
PH196025.1,34,JP 2023538900-A/17785: SYSTEM AND METHODS OF DETECTION OF ONCRNAS FOR CANCER DIAGNOSIS
PH161537.1,34,JP 2023528621-A/3359: Detecting a Chromosome Marker
PH161563.1,34,JP 2023528621-A/3385: Detecting a Chromosome Marker
PH196050.1,34,JP 2023538900-A/17810: SYSTEM AND METHODS OF DETECTION OF ONCRNAS FOR CANCER DIAGNOSIS
PH161205.1,33,JP 2023528621-A/3027: Detecting a Chromosome Marker
PH196387.1,33,JP 2023538900-A/18147: SYSTEM AND METHODS OF DETECTION OF ONCRNAS FOR CANCER DIAGNOSIS
PH196388.1,33,JP 2023538900-A/18148: SYSTEM AND METHODS OF DETECTION OF ONCRNAS FOR CANCER DIAGNOSIS
PH196479.1,33,JP 2023538900-A/18239: SYSTEM AND METHODS OF DETECTION OF ONCRNAS FOR CANCER DIAGNOSIS
PH196480.1,33,JP 2023538900-A/18240: SYSTEM AND METHODS OF DETECTION OF ONCRNAS FOR CANCER DIAGNOSIS
PH196481.1,33,JP 2023538900-A/18241: SYSTEM AND METHODS OF DETECTION OF ONCRNAS FOR CANCER DIAGNOSIS
PH195821.1,33,JP 2023538900-A/17581: SYSTEM AND METHODS OF DETECTION OF ONCRNAS FOR CANCER DIAGNOSIS
PH195820.1,33,JP 2023538900-A/17580: SYSTEM AND METHODS OF DETECTION OF ONCRNAS FOR CANCER DIAGNOSIS
PH195819.1,33,JP 2023538900-A/17579: SYSTEM AND METHODS OF DETECTION OF ONCRNAS FOR CANCER DIAGNOSIS
PH161215.1,33,JP 2023528621-A/3037: Detecting a Chromosome Marker
PH195769.1,33,JP 2023538900-A/17529: SYSTEM AND METHODS OF DETECTION OF ONCRNAS FOR CANCER DIAGNOSIS
PH195578.1,33,JP 2023538900-A/17338: SYSTEM AND METHODS OF DETECTION OF ONCRNAS FOR CANCER DIAGNOSIS
PH196386.1,33,JP 2023538900-A/18146: SYSTEM AND METHODS OF DETECTION OF ONCRNAS FOR CANCER DIAGNOSIS
PH195768.1,33,JP 2023538900-A/17528: SYSTEM AND METHODS OF DETECTION OF ONCRNAS FOR CANCER DIAGNOSIS
PH195770.1,33,JP 2023538900-A/17530: SYSTEM AND METHODS OF DETECTION OF ONCRNAS FOR CANCER DIAGNOSIS
PH195601.1,33,JP 2023538900-A/17361: SYSTEM AND METHODS OF DETECTION OF ONCRNAS FOR CANCER DIAGNOSIS
PH195600.1,33,JP 2023538900-A/17360: SYSTEM AND METHODS OF DETECTION OF ONCRNAS FOR CANCER DIAGNOSIS
PH161509.1,33,JP 2023528621-A/3331: Detecting a Chromosome Marker
PH161485.1,33,JP 2023528621-A/3307: Detecting a Chromosome Marker
PH196189.1,33,JP 2023538900-A/17949: SYSTEM AND METHODS OF DETECTION OF ONCRNAS FOR CANCER DIAGNOSIS
PH196188.1,33,JP 2023538900-A/17948: SYSTEM AND METHODS OF DETECTION OF ONCRNAS FOR CANCER DIAGNOSIS
PH196190.1,33,JP 2023538900-A/17950: SYSTEM AND METHODS OF DETECTION OF ONCRNAS FOR CANCER DIAGNOSIS
PH196008.1,33,JP 2023538900-A/17768: SYSTEM AND METHODS OF DETECTION OF ONCRNAS FOR CANCER DIAGNOSIS
PH196273.1,33,JP 2023538900-A/18033: SYSTEM AND METHODS OF DETECTION OF ONCRNAS FOR CANCER DIAGNOSIS
PH196009.1,33,JP 2023538900-A/17769: SYSTEM AND METHODS OF DETECTION OF ONCRNAS FOR CANCER DIAGNOSIS
PH196272.1,33,JP 2023538900-A/18032: SYSTEM AND METHODS OF DETECTION OF ONCRNAS FOR CANCER DIAGNOSIS
PH196274.1,33,JP 2023538900-A/18034: SYSTEM AND METHODS OF DETECTION OF ONCRNAS FOR CANCER DIAGNOSIS
PH196010.1,33,JP 2023538900-A/17770: SYSTEM AND METHODS OF DETECTION OF ONCRNAS FOR CANCER DIAGNOSIS
PH195576.1,33,JP 2023538900-A/17336: SYSTEM AND METHODS OF DETECTION OF ONCRNAS FOR CANCER DIAGNOSIS
PH195577.1,33,JP 2023538900-A/17337: SYSTEM AND METHODS OF DETECTION OF ONCRNAS FOR CANCER DIAGNOSIS
PH195602.1,33,JP 2023538900-A/17362: SYSTEM AND METHODS OF DETECTION OF ONCRNAS FOR CANCER DIAGNOSIS
PH196165.1,33,JP 2023538900-A/17925: SYSTEM AND METHODS OF DETECTION OF ONCRNAS FOR CANCER DIAGNOSIS
PH196164.1,33,JP 2023538900-A/17924: SYSTEM AND METHODS OF DETECTION OF ONCRNAS FOR CANCER DIAGNOSIS
PH161564.1,33,JP 2023528621-A/3386: Detecting a Chromosome Marker
PH196166.1,33,JP 2023538900-A/17926: SYSTEM AND METHODS OF DETECTION OF ONCRNAS FOR CANCER DIAGNOSIS
PH161493.1,33,JP 2023528621-A/3315: Detecting a Chromosome Marker
PH161535.1,33,JP 2023528621-A/3357: Detecting a Chromosome Marker
PH161175.1,33,JP 2023528621-A/2997: Detecting a Chromosome Marker
PH196593.1,33,JP 2023538900-A/18353: SYSTEM AND METHODS OF DETECTION OF ONCRNAS FOR CANCER DIAGNOSIS
PG107912.1,33,JP 2022547274-A/44: RADIOLABELED MET BINDING PROTEINS FOR IMMUNO-PET IMAGING
PH161191.1,33,JP 2023528621-A/3013: Detecting a Chromosome Marker
PH196605.1,33,JP 2023538900-A/18365: SYSTEM AND METHODS OF DETECTION OF ONCRNAS FOR CANCER DIAGNOSIS
PH196606.1,33,JP 2023538900-A/18366: SYSTEM AND METHODS OF DETECTION OF ONCRNAS FOR CANCER DIAGNOSIS
PH196607.1,33,JP 2023538900-A/18367: SYSTEM AND METHODS OF DETECTION OF ONCRNAS FOR CANCER DIAGNOSIS
PH196595.1,33,JP 2023538900-A/18355: SYSTEM AND METHODS OF DETECTION OF ONCRNAS FOR CANCER DIAGNOSIS
PH161103.1,33,JP 2023528621-A/2925: Detecting a Chromosome Marker
PH196594.1,33,JP 2023538900-A/18354: SYSTEM AND METHODS OF DETECTION OF ONCRNAS FOR CANCER DIAGNOSIS
PH161151.1,33,JP 2023528621-A/2973: Detecting a Chromosome Marker
PH161131.1,33,JP 2023528621-A/2953: Detecting a Chromosome Marker
PH161091.1,32,JP 2023528621-A/2913: Detecting a Chromosome Marker
8RRI_Az,32,"Chain Az, mRNA"
PH195836.1,32,JP 2023538900-A/17596: SYSTEM AND METHODS OF DETECTION OF ONCRNAS FOR CANCER DIAGNOSIS
PH195835.1,32,JP 2023538900-A/17595: SYSTEM AND METHODS OF DETECTION OF ONCRNAS FOR CANCER DIAGNOSIS
PH195834.1,32,JP 2023538900-A/17594: SYSTEM AND METHODS OF DETECTION OF ONCRNAS FOR CANCER DIAGNOSIS
PH195817.1,32,JP 2023538900-A/17577: SYSTEM AND METHODS OF DETECTION OF ONCRNAS FOR CANCER DIAGNOSIS
PH195818.1,32,JP 2023538900-A/17578: SYSTEM AND METHODS OF DETECTION OF ONCRNAS FOR CANCER DIAGNOSIS
PH196451.1,32,JP 2023538900-A/18211: SYSTEM AND METHODS OF DETECTION OF ONCRNAS FOR CANCER DIAGNOSIS
PH196549.1,32,JP 2023538900-A/18309: SYSTEM AND METHODS OF DETECTION OF ONCRNAS FOR CANCER DIAGNOSIS
PH196449.1,32,JP 2023538900-A/18209: SYSTEM AND METHODS OF DETECTION OF ONCRNAS FOR CANCER DIAGNOSIS
PH196450.1,32,JP 2023538900-A/18210: SYSTEM AND METHODS OF DETECTION OF ONCRNAS FOR CANCER DIAGNOSIS
PH196498.1,32,JP 2023538900-A/18258: SYSTEM AND METHODS OF DETECTION OF ONCRNAS FOR CANCER DIAGNOSIS
PH196214.1,32,JP 2023538900-A/17974: SYSTEM AND METHODS OF DETECTION OF ONCRNAS FOR CANCER DIAGNOSIS
PH196213.1,32,JP 2023538900-A/17973: SYSTEM AND METHODS OF DETECTION OF ONCRNAS FOR CANCER DIAGNOSIS
PH196550.1,32,JP 2023538900-A/18310: SYSTEM AND METHODS OF DETECTION OF ONCRNAS FOR CANCER DIAGNOSIS
PH196392.1,32,JP 2023538900-A/18152: SYSTEM AND METHODS OF DETECTION OF ONCRNAS FOR CANCER DIAGNOSIS
PH196454.1,32,JP 2023538900-A/18214: SYSTEM AND METHODS OF DETECTION OF ONCRNAS FOR CANCER DIAGNOSIS
PH196497.1,32,JP 2023538900-A/18257: SYSTEM AND METHODS OF DETECTION OF ONCRNAS FOR CANCER DIAGNOSIS
PH196499.1,32,JP 2023538900-A/18259: SYSTEM AND METHODS OF DETECTION OF ONCRNAS FOR CANCER DIAGNOSIS
PH196452.1,32,JP 2023538900-A/18212: SYSTEM AND METHODS OF DETECTION OF ONCRNAS FOR CANCER DIAGNOSIS
PH161558.1,32,JP 2023528621-A/3380: Detecting a Chromosome Marker
PH161550.1,32,JP 2023528621-A/3372: Detecting a Chromosome Marker
PH196453.1,32,JP 2023538900-A/18213: SYSTEM AND METHODS OF DETECTION OF ONCRNAS FOR CANCER DIAGNOSIS
PH195955.1,32,JP 2023538900-A/17715: SYSTEM AND METHODS OF DETECTION OF ONCRNAS FOR CANCER DIAGNOSIS
PH196082.1,32,JP 2023538900-A/17842: SYSTEM AND METHODS OF DETECTION OF ONCRNAS FOR CANCER DIAGNOSIS
PH196080.1,32,JP 2023538900-A/17840: SYSTEM AND METHODS OF DETECTION OF ONCRNAS FOR CANCER DIAGNOSIS
PH196081.1,32,JP 2023538900-A/17841: SYSTEM AND METHODS OF DETECTION OF ONCRNAS FOR CANCER DIAGNOSIS
PH195954.1,32,JP 2023538900-A/17714: SYSTEM AND METHODS OF DETECTION OF ONCRNAS FOR CANCER DIAGNOSIS
PH161528.1,32,JP 2023528621-A/3350: Detecting a Chromosome Marker
PH161578.1,32,JP 2023528621-A/3400: Detecting a Chromosome Marker
PH161487.1,32,JP 2023528621-A/3309: Detecting a Chromosome Marker
PH196270.1,32,JP 2023538900-A/18030: SYSTEM AND METHODS OF DETECTION OF ONCRNAS FOR CANCER DIAGNOSIS
PH161508.1,32,JP 2023528621-A/3330: Detecting a Chromosome Marker
PH161500.1,32,JP 2023528621-A/3322: Detecting a Chromosome Marker
PH196209.1,32,JP 2023538900-A/17969: SYSTEM AND METHODS OF DETECTION OF ONCRNAS FOR CANCER DIAGNOSIS
PH196210.1,32,JP 2023538900-A/17970: SYSTEM AND METHODS OF DETECTION OF ONCRNAS FOR CANCER DIAGNOSIS
PH196211.1,32,JP 2023538900-A/17971: SYSTEM AND METHODS OF DETECTION OF ONCRNAS FOR CANCER DIAGNOSIS
PH196212.1,32,JP 2023538900-A/17972: SYSTEM AND METHODS OF DETECTION OF ONCRNAS FOR CANCER DIAGNOSIS
PH161167.1,32,JP 2023528621-A/2989: Detecting a Chromosome Marker
PH161185.1,32,JP 2023528621-A/3007: Detecting a Chromosome Marker
PH161188.1,32,JP 2023528621-A/3010: Detecting a Chromosome Marker
PH161189.1,32,JP 2023528621-A/3011: Detecting a Chromosome Marker
PH161193.1,32,JP 2023528621-A/3015: Detecting a Chromosome Marker
PH196346.1,32,JP 2023538900-A/18106: SYSTEM AND METHODS OF DETECTION OF ONCRNAS FOR CANCER DIAGNOSIS
PH161220.1,32,JP 2023528621-A/3042: Detecting a Chromosome Marker
PH161207.1,32,JP 2023528621-A/3029: Detecting a Chromosome Marker
PH161211.1,32,JP 2023528621-A/3033: Detecting a Chromosome Marker
PH161099.1,32,JP 2023528621-A/2921: Detecting a Chromosome Marker
PH195597.1,32,JP 2023538900-A/17357: SYSTEM AND METHODS OF DETECTION OF ONCRNAS FOR CANCER DIAGNOSIS
PH195598.1,32,JP 2023538900-A/17358: SYSTEM AND METHODS OF DETECTION OF ONCRNAS FOR CANCER DIAGNOSIS
PH195663.1,32,JP 2023538900-A/17423: SYSTEM AND METHODS OF DETECTION OF ONCRNAS FOR CANCER DIAGNOSIS
PH196285.1,32,JP 2023538900-A/18045: SYSTEM AND METHODS OF DETECTION OF ONCRNAS FOR CANCER DIAGNOSIS
PH196286.1,32,JP 2023538900-A/18046: SYSTEM AND METHODS OF DETECTION OF ONCRNAS FOR CANCER DIAGNOSIS
PH196344.1,32,JP 2023538900-A/18104: SYSTEM AND METHODS OF DETECTION OF ONCRNAS FOR CANCER DIAGNOSIS
PH196345.1,32,JP 2023538900-A/18105: SYSTEM AND METHODS OF DETECTION OF ONCRNAS FOR CANCER DIAGNOSIS
PH195956.1,32,JP 2023538900-A/17716: SYSTEM AND METHODS OF DETECTION OF ONCRNAS FOR CANCER DIAGNOSIS
PH195675.1,32,JP 2023538900-A/17435: SYSTEM AND METHODS OF DETECTION OF ONCRNAS FOR CANCER DIAGNOSIS
PH195676.1,32,JP 2023538900-A/17436: SYSTEM AND METHODS OF DETECTION OF ONCRNAS FOR CANCER DIAGNOSIS
PH195677.1,32,JP 2023538900-A/17437: SYSTEM AND METHODS OF DETECTION OF ONCRNAS FOR CANCER DIAGNOSIS
PH195665.1,32,JP 2023538900-A/17425: SYSTEM AND METHODS OF DETECTION OF ONCRNAS FOR CANCER DIAGNOSIS
PH195638.1,32,JP 2023538900-A/17398: SYSTEM AND METHODS OF DETECTION OF ONCRNAS FOR CANCER DIAGNOSIS
PH196271.1,32,JP 2023538900-A/18031: SYSTEM AND METHODS OF DETECTION OF ONCRNAS FOR CANCER DIAGNOSIS
PH196284.1,32,JP 2023538900-A/18044: SYSTEM AND METHODS OF DETECTION OF ONCRNAS FOR CANCER DIAGNOSIS
PH195637.1,32,JP 2023538900-A/17397: SYSTEM AND METHODS OF DETECTION OF ONCRNAS FOR CANCER DIAGNOSIS
PH195664.1,32,JP 2023538900-A/17424: SYSTEM AND METHODS OF DETECTION OF ONCRNAS FOR CANCER DIAGNOSIS
PH196393.1,32,JP 2023538900-A/18153: SYSTEM AND METHODS OF DETECTION OF ONCRNAS FOR CANCER DIAGNOSIS
PH196394.1,32,JP 2023538900-A/18154: SYSTEM AND METHODS OF DETECTION OF ONCRNAS FOR CANCER DIAGNOSIS
PH196440.1,32,JP 2023538900-A/18200: SYSTEM AND METHODS OF DETECTION OF ONCRNAS FOR CANCER DIAGNOSIS
PH196442.1,32,JP 2023538900-A/18202: SYSTEM AND METHODS OF DETECTION OF ONCRNAS FOR CANCER DIAGNOSIS
PH196441.1,32,JP 2023538900-A/18201: SYSTEM AND METHODS OF DETECTION OF ONCRNAS FOR CANCER DIAGNOSIS
PH195636.1,32,JP 2023538900-A/17396: SYSTEM AND METHODS OF DETECTION OF ONCRNAS FOR CANCER DIAGNOSIS
PH196269.1,32,JP 2023538900-A/18029: SYSTEM AND METHODS OF DETECTION OF ONCRNAS FOR CANCER DIAGNOSIS
PH195924.1,32,JP 2023538900-A/17684: SYSTEM AND METHODS OF DETECTION OF ONCRNAS FOR CANCER DIAGNOSIS
PH195925.1,32,JP 2023538900-A/17685: SYSTEM AND METHODS OF DETECTION OF ONCRNAS FOR CANCER DIAGNOSIS
PH195926.1,32,JP 2023538900-A/17686: SYSTEM AND METHODS OF DETECTION OF ONCRNAS FOR CANCER DIAGNOSIS
PH161161.1,32,JP 2023528621-A/2983: Detecting a Chromosome Marker
PH195903.1,32,JP 2023538900-A/17663: SYSTEM AND METHODS OF DETECTION OF ONCRNAS FOR CANCER DIAGNOSIS
PH195905.1,32,JP 2023538900-A/17665: SYSTEM AND METHODS OF DETECTION OF ONCRNAS FOR CANCER DIAGNOSIS
PH196616.1,32,JP 2023538900-A/18376: SYSTEM AND METHODS OF DETECTION OF ONCRNAS FOR CANCER DIAGNOSIS
PH161227.1,32,JP 2023528621-A/3049: Detecting a Chromosome Marker
PH195807.1,32,JP 2023538900-A/17567: SYSTEM AND METHODS OF DETECTION OF ONCRNAS FOR CANCER DIAGNOSIS
PH195816.1,32,JP 2023538900-A/17576: SYSTEM AND METHODS OF DETECTION OF ONCRNAS FOR CANCER DIAGNOSIS
PH195904.1,32,JP 2023538900-A/17664: SYSTEM AND METHODS OF DETECTION OF ONCRNAS FOR CANCER DIAGNOSIS
PH161143.1,32,JP 2023528621-A/2965: Detecting a Chromosome Marker
PH161135.1,32,JP 2023528621-A/2957: Detecting a Chromosome Marker
PH161107.1,32,JP 2023528621-A/2929: Detecting a Chromosome Marker
PH195894.1,32,JP 2023538900-A/17654: SYSTEM AND METHODS OF DETECTION OF ONCRNAS FOR CANCER DIAGNOSIS
PH195896.1,32,JP 2023538900-A/17656: SYSTEM AND METHODS OF DETECTION OF ONCRNAS FOR CANCER DIAGNOSIS
PH195895.1,32,JP 2023538900-A/17655: SYSTEM AND METHODS OF DETECTION OF ONCRNAS FOR CANCER DIAGNOSIS
PH196614.1,32,JP 2023538900-A/18374: SYSTEM AND METHODS OF DETECTION OF ONCRNAS FOR CANCER DIAGNOSIS
PH196615.1,32,JP 2023538900-A/18375: SYSTEM AND METHODS OF DETECTION OF ONCRNAS FOR CANCER DIAGNOSIS
PH161097.1,32,JP 2023528621-A/2919: Detecting a Chromosome Marker
PH195809.1,32,JP 2023538900-A/17569: SYSTEM AND METHODS OF DETECTION OF ONCRNAS FOR CANCER DIAGNOSIS
PH195599.1,32,JP 2023538900-A/17359: SYSTEM AND METHODS OF DETECTION OF ONCRNAS FOR CANCER DIAGNOSIS
PH196548.1,32,JP 2023538900-A/18308: SYSTEM AND METHODS OF DETECTION OF ONCRNAS FOR CANCER DIAGNOSIS
PH195808.1,32,JP 2023538900-A/17568: SYSTEM AND METHODS OF DETECTION OF ONCRNAS FOR CANCER DIAGNOSIS
PH161223.1,32,JP 2023528621-A/3045: Detecting a Chromosome Marker
PH196063.1,31,JP 2023538900-A/17823: SYSTEM AND METHODS OF DETECTION OF ONCRNAS FOR CANCER DIAGNOSIS
PH196066.1,31,JP 2023538900-A/17826: SYSTEM AND METHODS OF DETECTION OF ONCRNAS FOR CANCER DIAGNOSIS
PH161573.1,31,JP 2023528621-A/3395: Detecting a Chromosome Marker
PH196027.1,31,JP 2023538900-A/17787: SYSTEM AND METHODS OF DETECTION OF ONCRNAS FOR CANCER DIAGNOSIS
PH196064.1,31,JP 2023538900-A/17824: SYSTEM AND METHODS OF DETECTION OF ONCRNAS FOR CANCER DIAGNOSIS
PH195953.1,31,JP 2023538900-A/17713: SYSTEM AND METHODS OF DETECTION OF ONCRNAS FOR CANCER DIAGNOSIS
PH196026.1,31,JP 2023538900-A/17786: SYSTEM AND METHODS OF DETECTION OF ONCRNAS FOR CANCER DIAGNOSIS
PH195827.1,31,JP 2023538900-A/17587: SYSTEM AND METHODS OF DETECTION OF ONCRNAS FOR CANCER DIAGNOSIS
PH195826.1,31,JP 2023538900-A/17586: SYSTEM AND METHODS OF DETECTION OF ONCRNAS FOR CANCER DIAGNOSIS
PH195825.1,31,JP 2023538900-A/17585: SYSTEM AND METHODS OF DETECTION OF ONCRNAS FOR CANCER DIAGNOSIS
PH196225.1,31,JP 2023538900-A/17985: SYSTEM AND METHODS OF DETECTION OF ONCRNAS FOR CANCER DIAGNOSIS
PH195962.1,31,JP 2023538900-A/17722: SYSTEM AND METHODS OF DETECTION OF ONCRNAS FOR CANCER DIAGNOSIS
PH196041.1,31,JP 2023538900-A/17801: SYSTEM AND METHODS OF DETECTION OF ONCRNAS FOR CANCER DIAGNOSIS
PH196028.1,31,JP 2023538900-A/17788: SYSTEM AND METHODS OF DETECTION OF ONCRNAS FOR CANCER DIAGNOSIS
PH196042.1,31,JP 2023538900-A/17802: SYSTEM AND METHODS OF DETECTION OF ONCRNAS FOR CANCER DIAGNOSIS
PH196043.1,31,JP 2023538900-A/17803: SYSTEM AND METHODS OF DETECTION OF ONCRNAS FOR CANCER DIAGNOSIS
PH196153.1,31,JP 2023538900-A/17913: SYSTEM AND METHODS OF DETECTION OF ONCRNAS FOR CANCER DIAGNOSIS
PH196152.1,31,JP 2023538900-A/17912: SYSTEM AND METHODS OF DETECTION OF ONCRNAS FOR CANCER DIAGNOSIS
PH196069.1,31,JP 2023538900-A/17829: SYSTEM AND METHODS OF DETECTION OF ONCRNAS FOR CANCER DIAGNOSIS
PH196070.1,31,JP 2023538900-A/17830: SYSTEM AND METHODS OF DETECTION OF ONCRNAS FOR CANCER DIAGNOSIS
PH196154.1,31,JP 2023538900-A/17914: SYSTEM AND METHODS OF DETECTION OF ONCRNAS FOR CANCER DIAGNOSIS
PH196068.1,31,JP 2023538900-A/17828: SYSTEM AND METHODS OF DETECTION OF ONCRNAS FOR CANCER DIAGNOSIS
PH196205.1,31,JP 2023538900-A/17965: SYSTEM AND METHODS OF DETECTION OF ONCRNAS FOR CANCER DIAGNOSIS
PH196203.1,31,JP 2023538900-A/17963: SYSTEM AND METHODS OF DETECTION OF ONCRNAS FOR CANCER DIAGNOSIS
PH196204.1,31,JP 2023538900-A/17964: SYSTEM AND METHODS OF DETECTION OF ONCRNAS FOR CANCER DIAGNOSIS
PH161523.1,31,JP 2023528621-A/3345: Detecting a Chromosome Marker
PH196062.1,31,JP 2023538900-A/17822: SYSTEM AND METHODS OF DETECTION OF ONCRNAS FOR CANCER DIAGNOSIS
PH196065.1,31,JP 2023538900-A/17825: SYSTEM AND METHODS OF DETECTION OF ONCRNAS FOR CANCER DIAGNOSIS
PH195505.1,31,JP 2023538900-A/17265: SYSTEM AND METHODS OF DETECTION OF ONCRNAS FOR CANCER DIAGNOSIS
PH195504.1,31,JP 2023538900-A/17264: SYSTEM AND METHODS OF DETECTION OF ONCRNAS FOR CANCER DIAGNOSIS
PH196067.1,31,JP 2023538900-A/17827: SYSTEM AND METHODS OF DETECTION OF ONCRNAS FOR CANCER DIAGNOSIS
PH195506.1,31,JP 2023538900-A/17266: SYSTEM AND METHODS OF DETECTION OF ONCRNAS FOR CANCER DIAGNOSIS
PH196407.1,31,JP 2023538900-A/18167: SYSTEM AND METHODS OF DETECTION OF ONCRNAS FOR CANCER DIAGNOSIS
PH196409.1,31,JP 2023538900-A/18169: SYSTEM AND METHODS OF DETECTION OF ONCRNAS FOR CANCER DIAGNOSIS
PH196408.1,31,JP 2023538900-A/18168: SYSTEM AND METHODS OF DETECTION OF ONCRNAS FOR CANCER DIAGNOSIS
PH195943.1,31,JP 2023538900-A/17703: SYSTEM AND METHODS OF DETECTION OF ONCRNAS FOR CANCER DIAGNOSIS
PH196259.1,31,JP 2023538900-A/18019: SYSTEM AND METHODS OF DETECTION OF ONCRNAS FOR CANCER DIAGNOSIS
PH196258.1,31,JP 2023538900-A/18018: SYSTEM AND METHODS OF DETECTION OF ONCRNAS FOR CANCER DIAGNOSIS
PH196224.1,31,JP 2023538900-A/17984: SYSTEM AND METHODS OF DETECTION OF ONCRNAS FOR CANCER DIAGNOSIS
PH195923.1,31,JP 2023538900-A/17683: SYSTEM AND METHODS OF DETECTION OF ONCRNAS FOR CANCER DIAGNOSIS
PH195922.1,31,JP 2023538900-A/17682: SYSTEM AND METHODS OF DETECTION OF ONCRNAS FOR CANCER DIAGNOSIS
PH195921.1,31,JP 2023538900-A/17681: SYSTEM AND METHODS OF DETECTION OF ONCRNAS FOR CANCER DIAGNOSIS
PH196330.1,31,JP 2023538900-A/18090: SYSTEM AND METHODS OF DETECTION OF ONCRNAS FOR CANCER DIAGNOSIS
PH196331.1,31,JP 2023538900-A/18091: SYSTEM AND METHODS OF DETECTION OF ONCRNAS FOR CANCER DIAGNOSIS
PH196302.1,31,JP 2023538900-A/18062: SYSTEM AND METHODS OF DETECTION OF ONCRNAS FOR CANCER DIAGNOSIS
PH196303.1,31,JP 2023538900-A/18063: SYSTEM AND METHODS OF DETECTION OF ONCRNAS FOR CANCER DIAGNOSIS
PH195678.1,31,JP 2023538900-A/17438: SYSTEM AND METHODS OF DETECTION OF ONCRNAS FOR CANCER DIAGNOSIS
PH195961.1,31,JP 2023538900-A/17721: SYSTEM AND METHODS OF DETECTION OF ONCRNAS FOR CANCER DIAGNOSIS
PH195960.1,31,JP 2023538900-A/17720: SYSTEM AND METHODS OF DETECTION OF ONCRNAS FOR CANCER DIAGNOSIS
PH196304.1,31,JP 2023538900-A/18064: SYSTEM AND METHODS OF DETECTION OF ONCRNAS FOR CANCER DIAGNOSIS
PH195666.1,31,JP 2023538900-A/17426: SYSTEM AND METHODS OF DETECTION OF ONCRNAS FOR CANCER DIAGNOSIS
PH195667.1,31,JP 2023538900-A/17427: SYSTEM AND METHODS OF DETECTION OF ONCRNAS FOR CANCER DIAGNOSIS
PH195668.1,31,JP 2023538900-A/17428: SYSTEM AND METHODS OF DETECTION OF ONCRNAS FOR CANCER DIAGNOSIS
PH195608.1,31,JP 2023538900-A/17368: SYSTEM AND METHODS OF DETECTION OF ONCRNAS FOR CANCER DIAGNOSIS
PH195628.1,31,JP 2023538900-A/17388: SYSTEM AND METHODS OF DETECTION OF ONCRNAS FOR CANCER DIAGNOSIS
PH195627.1,31,JP 2023538900-A/17387: SYSTEM AND METHODS OF DETECTION OF ONCRNAS FOR CANCER DIAGNOSIS
PH195680.1,31,JP 2023538900-A/17440: SYSTEM AND METHODS OF DETECTION OF ONCRNAS FOR CANCER DIAGNOSIS
PH195679.1,31,JP 2023538900-A/17439: SYSTEM AND METHODS OF DETECTION OF ONCRNAS FOR CANCER DIAGNOSIS
PH195629.1,31,JP 2023538900-A/17389: SYSTEM AND METHODS OF DETECTION OF ONCRNAS FOR CANCER DIAGNOSIS
PH195944.1,31,JP 2023538900-A/17704: SYSTEM AND METHODS OF DETECTION OF ONCRNAS FOR CANCER DIAGNOSIS
PH195951.1,31,JP 2023538900-A/17711: SYSTEM AND METHODS OF DETECTION OF ONCRNAS FOR CANCER DIAGNOSIS
PH195952.1,31,JP 2023538900-A/17712: SYSTEM AND METHODS OF DETECTION OF ONCRNAS FOR CANCER DIAGNOSIS
PH196226.1,31,JP 2023538900-A/17986: SYSTEM AND METHODS OF DETECTION OF ONCRNAS FOR CANCER DIAGNOSIS
PH196257.1,31,JP 2023538900-A/18017: SYSTEM AND METHODS OF DETECTION OF ONCRNAS FOR CANCER DIAGNOSIS
PH195784.1,31,JP 2023538900-A/17544: SYSTEM AND METHODS OF DETECTION OF ONCRNAS FOR CANCER DIAGNOSIS
PH195942.1,31,JP 2023538900-A/17702: SYSTEM AND METHODS OF DETECTION OF ONCRNAS FOR CANCER DIAGNOSIS
PH195759.1,31,JP 2023538900-A/17519: SYSTEM AND METHODS OF DETECTION OF ONCRNAS FOR CANCER DIAGNOSIS
PH195760.1,31,JP 2023538900-A/17520: SYSTEM AND METHODS OF DETECTION OF ONCRNAS FOR CANCER DIAGNOSIS
PH195761.1,31,JP 2023538900-A/17521: SYSTEM AND METHODS OF DETECTION OF ONCRNAS FOR CANCER DIAGNOSIS
PH195783.1,31,JP 2023538900-A/17543: SYSTEM AND METHODS OF DETECTION OF ONCRNAS FOR CANCER DIAGNOSIS
PH195785.1,31,JP 2023538900-A/17545: SYSTEM AND METHODS OF DETECTION OF ONCRNAS FOR CANCER DIAGNOSIS
PH196353.1,31,JP 2023538900-A/18113: SYSTEM AND METHODS OF DETECTION OF ONCRNAS FOR CANCER DIAGNOSIS
PH195559.1,31,JP 2023538900-A/17319: SYSTEM AND METHODS OF DETECTION OF ONCRNAS FOR CANCER DIAGNOSIS
PH196329.1,31,JP 2023538900-A/18089: SYSTEM AND METHODS OF DETECTION OF ONCRNAS FOR CANCER DIAGNOSIS
PH195594.1,31,JP 2023538900-A/17354: SYSTEM AND METHODS OF DETECTION OF ONCRNAS FOR CANCER DIAGNOSIS
PH161216.1,31,JP 2023528621-A/3038: Detecting a Chromosome Marker
PH195596.1,31,JP 2023538900-A/17356: SYSTEM AND METHODS OF DETECTION OF ONCRNAS FOR CANCER DIAGNOSIS
PH196354.1,31,JP 2023538900-A/18114: SYSTEM AND METHODS OF DETECTION OF ONCRNAS FOR CANCER DIAGNOSIS
PH195606.1,31,JP 2023538900-A/17366: SYSTEM AND METHODS OF DETECTION OF ONCRNAS FOR CANCER DIAGNOSIS
PH195607.1,31,JP 2023538900-A/17367: SYSTEM AND METHODS OF DETECTION OF ONCRNAS FOR CANCER DIAGNOSIS
PH195595.1,31,JP 2023538900-A/17355: SYSTEM AND METHODS OF DETECTION OF ONCRNAS FOR CANCER DIAGNOSIS
PH195558.1,31,JP 2023538900-A/17318: SYSTEM AND METHODS OF DETECTION OF ONCRNAS FOR CANCER DIAGNOSIS
PH196350.1,31,JP 2023538900-A/18110: SYSTEM AND METHODS OF DETECTION OF ONCRNAS FOR CANCER DIAGNOSIS
PH195590.1,31,JP 2023538900-A/17350: SYSTEM AND METHODS OF DETECTION OF ONCRNAS FOR CANCER DIAGNOSIS
PH195589.1,31,JP 2023538900-A/17349: SYSTEM AND METHODS OF DETECTION OF ONCRNAS FOR CANCER DIAGNOSIS
PH195588.1,31,JP 2023538900-A/17348: SYSTEM AND METHODS OF DETECTION OF ONCRNAS FOR CANCER DIAGNOSIS
PH196358.1,31,JP 2023538900-A/18118: SYSTEM AND METHODS OF DETECTION OF ONCRNAS FOR CANCER DIAGNOSIS
PH196357.1,31,JP 2023538900-A/18117: SYSTEM AND METHODS OF DETECTION OF ONCRNAS FOR CANCER DIAGNOSIS
PH196356.1,31,JP 2023538900-A/18116: SYSTEM AND METHODS OF DETECTION OF ONCRNAS FOR CANCER DIAGNOSIS
PH196355.1,31,JP 2023538900-A/18115: SYSTEM AND METHODS OF DETECTION OF ONCRNAS FOR CANCER DIAGNOSIS
PH195560.1,31,JP 2023538900-A/17320: SYSTEM AND METHODS OF DETECTION OF ONCRNAS FOR CANCER DIAGNOSIS
PH196351.1,31,JP 2023538900-A/18111: SYSTEM AND METHODS OF DETECTION OF ONCRNAS FOR CANCER DIAGNOSIS
PH196352.1,31,JP 2023538900-A/18112: SYSTEM AND METHODS OF DETECTION OF ONCRNAS FOR CANCER DIAGNOSIS
PH196521.1,31,JP 2023538900-A/18281: SYSTEM AND METHODS OF DETECTION OF ONCRNAS FOR CANCER DIAGNOSIS
PH196547.1,31,JP 2023538900-A/18307: SYSTEM AND METHODS OF DETECTION OF ONCRNAS FOR CANCER DIAGNOSIS
PH196546.1,31,JP 2023538900-A/18306: SYSTEM AND METHODS OF DETECTION OF ONCRNAS FOR CANCER DIAGNOSIS
PH196545.1,31,JP 2023538900-A/18305: SYSTEM AND METHODS OF DETECTION OF ONCRNAS FOR CANCER DIAGNOSIS
PH196523.1,31,JP 2023538900-A/18283: SYSTEM AND METHODS OF DETECTION OF ONCRNAS FOR CANCER DIAGNOSIS
PH196511.1,31,JP 2023538900-A/18271: SYSTEM AND METHODS OF DETECTION OF ONCRNAS FOR CANCER DIAGNOSIS
PH196522.1,31,JP 2023538900-A/18282: SYSTEM AND METHODS OF DETECTION OF ONCRNAS FOR CANCER DIAGNOSIS
PH196510.1,31,JP 2023538900-A/18270: SYSTEM AND METHODS OF DETECTION OF ONCRNAS FOR CANCER DIAGNOSIS
PH196509.1,31,JP 2023538900-A/18269: SYSTEM AND METHODS OF DETECTION OF ONCRNAS FOR CANCER DIAGNOSIS
PH196575.1,31,JP 2023538900-A/18335: SYSTEM AND METHODS OF DETECTION OF ONCRNAS FOR CANCER DIAGNOSIS
PH196576.1,31,JP 2023538900-A/18336: SYSTEM AND METHODS OF DETECTION OF ONCRNAS FOR CANCER DIAGNOSIS
PH196577.1,31,JP 2023538900-A/18337: SYSTEM AND METHODS OF DETECTION OF ONCRNAS FOR CANCER DIAGNOSIS
PH161153.1,31,JP 2023528621-A/2975: Detecting a Chromosome Marker
9HDQ_D,30,"Chain D, Template P(A)30 RNA"
9HDQ_C,30,"Chain C, Target DNA strand 2"
9HDP_D,30,"Chain D, Template P(A)30 RNA"
9HDP_C,30,"Chain C, Target DNA strand 2"
9HDO_D,30,"Chain D, Template P(A)30 RNA"
9HDO_C,30,"Chain C, Target DNA strand 2"
PH195902.1,30,JP 2023538900-A/17662: SYSTEM AND METHODS OF DETECTION OF ONCRNAS FOR CANCER DIAGNOSIS
PH195901.1,30,JP 2023538900-A/17661: SYSTEM AND METHODS OF DETECTION OF ONCRNAS FOR CANCER DIAGNOSIS
PH195900.1,30,JP 2023538900-A/17660: SYSTEM AND METHODS OF DETECTION OF ONCRNAS FOR CANCER DIAGNOSIS
PH195890.1,30,JP 2023538900-A/17650: SYSTEM AND METHODS OF DETECTION OF ONCRNAS FOR CANCER DIAGNOSIS
PH195889.1,30,JP 2023538900-A/17649: SYSTEM AND METHODS OF DETECTION OF ONCRNAS FOR CANCER DIAGNOSIS
PH195888.1,30,JP 2023538900-A/17648: SYSTEM AND METHODS OF DETECTION OF ONCRNAS FOR CANCER DIAGNOSIS
PH195884.1,30,JP 2023538900-A/17644: SYSTEM AND METHODS OF DETECTION OF ONCRNAS FOR CANCER DIAGNOSIS
PH196562.1,30,JP 2023538900-A/18322: SYSTEM AND METHODS OF DETECTION OF ONCRNAS FOR CANCER DIAGNOSIS
PH196561.1,30,JP 2023538900-A/18321: SYSTEM AND METHODS OF DETECTION OF ONCRNAS FOR CANCER DIAGNOSIS
PH195800.1,30,JP 2023538900-A/17560: SYSTEM AND METHODS OF DETECTION OF ONCRNAS FOR CANCER DIAGNOSIS
PH195799.1,30,JP 2023538900-A/17559: SYSTEM AND METHODS OF DETECTION OF ONCRNAS FOR CANCER DIAGNOSIS
PH195798.1,30,JP 2023538900-A/17558: SYSTEM AND METHODS OF DETECTION OF ONCRNAS FOR CANCER DIAGNOSIS
PH196517.1,30,JP 2023538900-A/18277: SYSTEM AND METHODS OF DETECTION OF ONCRNAS FOR CANCER DIAGNOSIS
PH196516.1,30,JP 2023538900-A/18276: SYSTEM AND METHODS OF DETECTION OF ONCRNAS FOR CANCER DIAGNOSIS
PH196515.1,30,JP 2023538900-A/18275: SYSTEM AND METHODS OF DETECTION OF ONCRNAS FOR CANCER DIAGNOSIS
PH196514.1,30,JP 2023538900-A/18274: SYSTEM AND METHODS OF DETECTION OF ONCRNAS FOR CANCER DIAGNOSIS
PH196513.1,30,JP 2023538900-A/18273: SYSTEM AND METHODS OF DETECTION OF ONCRNAS FOR CANCER DIAGNOSIS
PH196512.1,30,JP 2023538900-A/18272: SYSTEM AND METHODS OF DETECTION OF ONCRNAS FOR CANCER DIAGNOSIS
9HDR_C,30,"Chain C, Target DNA strand 2"
PH196349.1,30,JP 2023538900-A/18109: SYSTEM AND METHODS OF DETECTION OF ONCRNAS FOR CANCER DIAGNOSIS
PH196348.1,30,JP 2023538900-A/18108: SYSTEM AND METHODS OF DETECTION OF ONCRNAS FOR CANCER DIAGNOSIS
PH196347.1,30,JP 2023538900-A/18107: SYSTEM AND METHODS OF DETECTION OF ONCRNAS FOR CANCER DIAGNOSIS
PH195623.1,30,JP 2023538900-A/17383: SYSTEM AND METHODS OF DETECTION OF ONCRNAS FOR CANCER DIAGNOSIS
PH195622.1,30,JP 2023538900-A/17382: SYSTEM AND METHODS OF DETECTION OF ONCRNAS FOR CANCER DIAGNOSIS
PH195621.1,30,JP 2023538900-A/17381: SYSTEM AND METHODS OF DETECTION OF ONCRNAS FOR CANCER DIAGNOSIS
PH195539.1,30,JP 2023538900-A/17299: SYSTEM AND METHODS OF DETECTION OF ONCRNAS FOR CANCER DIAGNOSIS
PH195538.1,30,JP 2023538900-A/17298: SYSTEM AND METHODS OF DETECTION OF ONCRNAS FOR CANCER DIAGNOSIS
PH195537.1,30,JP 2023538900-A/17297: SYSTEM AND METHODS OF DETECTION OF ONCRNAS FOR CANCER DIAGNOSIS
PH195515.1,30,JP 2023538900-A/17275: SYSTEM AND METHODS OF DETECTION OF ONCRNAS FOR CANCER DIAGNOSIS
PH195514.1,30,JP 2023538900-A/17274: SYSTEM AND METHODS OF DETECTION OF ONCRNAS FOR CANCER DIAGNOSIS
PH195513.1,30,JP 2023538900-A/17273: SYSTEM AND METHODS OF DETECTION OF ONCRNAS FOR CANCER DIAGNOSIS
PH195797.1,30,JP 2023538900-A/17557: SYSTEM AND METHODS OF DETECTION OF ONCRNAS FOR CANCER DIAGNOSIS
PH195796.1,30,JP 2023538900-A/17556: SYSTEM AND METHODS OF DETECTION OF ONCRNAS FOR CANCER DIAGNOSIS
PH195795.1,30,JP 2023538900-A/17555: SYSTEM AND METHODS OF DETECTION OF ONCRNAS FOR CANCER DIAGNOSIS
PH195740.1,30,JP 2023538900-A/17500: SYSTEM AND METHODS OF DETECTION OF ONCRNAS FOR CANCER DIAGNOSIS
PH195739.1,30,JP 2023538900-A/17499: SYSTEM AND METHODS OF DETECTION OF ONCRNAS FOR CANCER DIAGNOSIS
PH195738.1,30,JP 2023538900-A/17498: SYSTEM AND METHODS OF DETECTION OF ONCRNAS FOR CANCER DIAGNOSIS
PH195929.1,30,JP 2023538900-A/17689: SYSTEM AND METHODS OF DETECTION OF ONCRNAS FOR CANCER DIAGNOSIS
PH196265.1,30,JP 2023538900-A/18025: SYSTEM AND METHODS OF DETECTION OF ONCRNAS FOR CANCER DIAGNOSIS
PH196264.1,30,JP 2023538900-A/18024: SYSTEM AND METHODS OF DETECTION OF ONCRNAS FOR CANCER DIAGNOSIS
PH196263.1,30,JP 2023538900-A/18023: SYSTEM AND METHODS OF DETECTION OF ONCRNAS FOR CANCER DIAGNOSIS
PH195908.1,30,JP 2023538900-A/17668: SYSTEM AND METHODS OF DETECTION OF ONCRNAS FOR CANCER DIAGNOSIS
PH195907.1,30,JP 2023538900-A/17667: SYSTEM AND METHODS OF DETECTION OF ONCRNAS FOR CANCER DIAGNOSIS
PH195906.1,30,JP 2023538900-A/17666: SYSTEM AND METHODS OF DETECTION OF ONCRNAS FOR CANCER DIAGNOSIS
PH195707.1,30,JP 2023538900-A/17467: SYSTEM AND METHODS OF DETECTION OF ONCRNAS FOR CANCER DIAGNOSIS
PH195706.1,30,JP 2023538900-A/17466: SYSTEM AND METHODS OF DETECTION OF ONCRNAS FOR CANCER DIAGNOSIS
PH195705.1,30,JP 2023538900-A/17465: SYSTEM AND METHODS OF DETECTION OF ONCRNAS FOR CANCER DIAGNOSIS
PG222150.1,30,JP 2023503395-A/33: A truly unbiased in vitro assay to profile off-target activity of one or more target-specific programmable nucleases in cells (Abnoba-Seq)
PG222140.1,30,JP 2023503395-A/23: A truly unbiased in vitro assay to profile off-target activity of one or more target-specific programmable nucleases in cells (Abnoba-Seq)
PG222139.1,30,JP 2023503395-A/22: A truly unbiased in vitro assay to profile off-target activity of one or more target-specific programmable nucleases in cells (Abnoba-Seq)
PH196020.1,30,JP 2023538900-A/17780: SYSTEM AND METHODS OF DETECTION OF ONCRNAS FOR CANCER DIAGNOSIS
PH195998.1,30,JP 2023538900-A/17758: SYSTEM AND METHODS OF DETECTION OF ONCRNAS FOR CANCER DIAGNOSIS
PH195997.1,30,JP 2023538900-A/17757: SYSTEM AND METHODS OF DETECTION OF ONCRNAS FOR CANCER DIAGNOSIS
PH195996.1,30,JP 2023538900-A/17756: SYSTEM AND METHODS OF DETECTION OF ONCRNAS FOR CANCER DIAGNOSIS
PH196061.1,30,JP 2023538900-A/17821: SYSTEM AND METHODS OF DETECTION OF ONCRNAS FOR CANCER DIAGNOSIS
PH196060.1,30,JP 2023538900-A/17820: SYSTEM AND METHODS OF DETECTION OF ONCRNAS FOR CANCER DIAGNOSIS
PH196059.1,30,JP 2023538900-A/17819: SYSTEM AND METHODS OF DETECTION OF ONCRNAS FOR CANCER DIAGNOSIS
PH196078.1,30,JP 2023538900-A/17838: SYSTEM AND METHODS OF DETECTION OF ONCRNAS FOR CANCER DIAGNOSIS
PH196077.1,30,JP 2023538900-A/17837: SYSTEM AND METHODS OF DETECTION OF ONCRNAS FOR CANCER DIAGNOSIS
PH196121.1,30,JP 2023538900-A/17881: SYSTEM AND METHODS OF DETECTION OF ONCRNAS FOR CANCER DIAGNOSIS
PH196120.1,30,JP 2023538900-A/17880: SYSTEM AND METHODS OF DETECTION OF ONCRNAS FOR CANCER DIAGNOSIS
PH196119.1,30,JP 2023538900-A/17879: SYSTEM AND METHODS OF DETECTION OF ONCRNAS FOR CANCER DIAGNOSIS
PH196118.1,30,JP 2023538900-A/17878: SYSTEM AND METHODS OF DETECTION OF ONCRNAS FOR CANCER DIAGNOSIS
PH196560.1,30,JP 2023538900-A/18320: SYSTEM AND METHODS OF DETECTION OF ONCRNAS FOR CANCER DIAGNOSIS
PG107940.1,30,JP 2022547274-A/72: RADIOLABELED MET BINDING PROTEINS FOR IMMUNO-PET IMAGING
PG107936.1,30,JP 2022547274-A/68: RADIOLABELED MET BINDING PROTEINS FOR IMMUNO-PET IMAGING
PH196022.1,30,JP 2023538900-A/17782: SYSTEM AND METHODS OF DETECTION OF ONCRNAS FOR CANCER DIAGNOSIS
PH196021.1,30,JP 2023538900-A/17781: SYSTEM AND METHODS OF DETECTION OF ONCRNAS FOR CANCER DIAGNOSIS
PH196117.1,30,JP 2023538900-A/17877: SYSTEM AND METHODS OF DETECTION OF ONCRNAS FOR CANCER DIAGNOSIS
PH196116.1,30,JP 2023538900-A/17876: SYSTEM AND METHODS OF DETECTION OF ONCRNAS FOR CANCER DIAGNOSIS
PH196079.1,30,JP 2023538900-A/17839: SYSTEM AND METHODS OF DETECTION OF ONCRNAS FOR CANCER DIAGNOSIS
PH195928.1,30,JP 2023538900-A/17688: SYSTEM AND METHODS OF DETECTION OF ONCRNAS FOR CANCER DIAGNOSIS
PH195927.1,30,JP 2023538900-A/17687: SYSTEM AND METHODS OF DETECTION OF ONCRNAS FOR CANCER DIAGNOSIS
PH195883.1,30,JP 2023538900-A/17643: SYSTEM AND METHODS OF DETECTION OF ONCRNAS FOR CANCER DIAGNOSIS
PH195882.1,30,JP 2023538900-A/17642: SYSTEM AND METHODS OF DETECTION OF ONCRNAS FOR CANCER DIAGNOSIS
PH195860.1,30,JP 2023538900-A/17620: SYSTEM AND METHODS OF DETECTION OF ONCRNAS FOR CANCER DIAGNOSIS
PH195859.1,30,JP 2023538900-A/17619: SYSTEM AND METHODS OF DETECTION OF ONCRNAS FOR CANCER DIAGNOSIS
PH195858.1,30,JP 2023538900-A/17618: SYSTEM AND METHODS OF DETECTION OF ONCRNAS FOR CANCER DIAGNOSIS
PH195839.1,30,JP 2023538900-A/17599: SYSTEM AND METHODS OF DETECTION OF ONCRNAS FOR CANCER DIAGNOSIS
PH195838.1,30,JP 2023538900-A/17598: SYSTEM AND METHODS OF DETECTION OF ONCRNAS FOR CANCER DIAGNOSIS
PH195837.1,30,JP 2023538900-A/17597: SYSTEM AND METHODS OF DETECTION OF ONCRNAS FOR CANCER DIAGNOSIS
6CIJ_L,30,"Chain L, DNA (30-MER)"
9HDR_D,30,"Chain D, Template P(A)30 RNA"
